Search Term,Title,Price,Condition,Sold Quantity,Location,Discount,Seller Rating,Seller Sales Completed,Seller Username,Seller Location,Color,Seller Address,Payment Methods,Description
iPhone,"Apple iPhone SE Se (3ª Generación, 64 Gb) - Azul Medianoche - Distribuidor Autorizado",633598.8,new,,"{'id': 'TUxBQlBBVDI0ODFa', 'name': 'Paternal'}",,,,,,,"{'city': {'id': 'TUxBQlBBVDI0ODFa', 'name': 'Paternal'}, 'state': {'id': 'AR-C', 'name': 'Capital Federal'}, 'country': {'id': 'AR', 'name': 'Argentina'}, 'search_location': {'neighborhood': {'id': 'TUxBQkFHUjk3NjJa', 'name': 'Agronomía'}, 'city': {'id': 'TUxBQ0NBUGZlZG1sYQ', 'name': 'Capital Federal'}, 'state': {'id': 'TUxBUENBUGw3M2E1', 'name': 'Capital Federal'}}, 'id': 1202690442}",,
iPhone,Apple iPhone 15 (128 Gb) - Negro,1116899,new,,{'name': 'PALERMO'},,,,,,,"{'city': {'name': 'PALERMO'}, 'state': {'id': 'AR-C', 'name': 'Capital Federal'}, 'country': {'id': 'AR', 'name': 'Argentina'}, 'search_location': {'neighborhood': {'id': 'TUxBQlBBTDI1MTVa', 'name': 'Palermo'}, 'city': {'id': 'TUxBQ0NBUGZlZG1sYQ', 'name': 'Capital Federal'}, 'state': {'id': 'TUxBUENBUGw3M2E1', 'name': 'Capital Federal'}}, 'id': 1284504802}",,
iPhone,Apple iPhone 15 Pro Max (256 Gb) - Titanio Negro,1705899,new,,{'name': 'PALERMO'},,,,,,,"{'city': {'name': 'PALERMO'}, 'state': {'id': 'AR-C', 'name': 'Capital Federal'}, 'country': {'id': 'AR', 'name': 'Argentina'}, 'search_location': {'neighborhood': {'id': 'TUxBQlBBTDI1MTVa', 'name': 'Palermo'}, 'city': {'id': 'TUxBQ0NBUGZlZG1sYQ', 'name': 'Capital Federal'}, 'state': {'id': 'TUxBUENBUGw3M2E1', 'name': 'Capital Federal'}}, 'id': 1284504802}",,
iPhone,Apple iPhone 14 (128 Gb) - Azul,995999,new,,{'name': 'PALERMO'},,,,,,,"{'city': {'name': 'PALERMO'}, 'state': {'id': 'AR-C', 'name': 'Capital Federal'}, 'country': {'id': 'AR', 'name': 'Argentina'}, 'search_location': {'neighborhood': {'id': 'TUxBQlBBTDI1MTVa', 'name': 'Palermo'}, 'city': {'id': 'TUxBQ0NBUGZlZG1sYQ', 'name': 'Capital Federal'}, 'state': {'id': 'TUxBUENBUGw3M2E1', 'name': 'Capital Federal'}}, 'id': 1284504802}",,
iPhone,Apple iPhone 13 (128 Gb) - Verde,920000,new,,"{'id': 'TUxBQk1PTjUxOTJa', 'name': 'Monserrat'}",,,,,,,"{'city': {'id': 'TUxBQk1PTjUxOTJa', 'name': 'Monserrat'}, 'state': {'id': 'AR-C', 'name': 'Capital Federal'}, 'country': {'id': 'AR', 'name': 'Argentina'}, 'search_location': {'neighborhood': {'id': 'TUxBQk1PTjUxOTJa', 'name': 'Monserrat'}, 'city': {'id': 'TUxBQ0NBUGZlZG1sYQ', 'name': 'Capital Federal'}, 'state': {'id': 'TUxBUENBUGw3M2E1', 'name': 'Capital Federal'}}, 'id': 1192621164}",,
iPhone,Apple iPhone 11 (64 Gb) - Negro,648999,new,,{'name': 'PALERMO'},,,,,,,"{'city': {'name': 'PALERMO'}, 'state': {'id': 'AR-C', 'name': 'Capital Federal'}, 'country': {'id': 'AR', 'name': 'Argentina'}, 'search_location': {'neighborhood': {'id': 'TUxBQlBBTDI1MTVa', 'name': 'Palermo'}, 'city': {'id': 'TUxBQ0NBUGZlZG1sYQ', 'name': 'Capital Federal'}, 'state': {'id': 'TUxBUENBUGw3M2E1', 'name': 'Capital Federal'}}, 'id': 1284504802}",,
iPhone,Apple iPhone 11 (128 Gb) - Blanco,709065,new,,"{'id': 'TUxBQ1JPUzg1Yjg3', 'name': 'Rosario'}",,,,,,,"{'city': {'id': 'TUxBQ1JPUzg1Yjg3', 'name': 'Rosario'}, 'state': {'id': 'AR-S', 'name': 'Santa Fe'}, 'country': {'id': 'AR', 'name': 'Argentina'}, 'search_location': {'neighborhood': {'id': 'TVhYRmlzaGVydG9uVFV4QlExSlBVemcxWWpnM', 'name': 'Fisherton'}, 'city': {'id': 'TUxBQ1JPUzg1Yjg3', 'name': 'Rosario'}, 'state': {'id': 'TUxBUFNBTmU5Nzk2', 'name': 'Santa Fe'}}, 'id': 1095167575}",,
iPhone, iPhone 6 32 Gb  Gris Espacial,219999,new,,"{'id': 'TUxBQkNPRzY5MTZa', 'name': 'Coghlan'}",,,,,,,"{'city': {'id': 'TUxBQkNPRzY5MTZa', 'name': 'Coghlan'}, 'state': {'id': 'AR-C', 'name': 'Capital Federal'}, 'country': {'id': 'AR', 'name': 'Argentina'}, 'search_location': {'neighborhood': {'id': 'TUxBQlZJTDcwOTla', 'name': 'Villa Urquiza'}, 'city': {'id': 'TUxBQ0NBUGZlZG1sYQ', 'name': 'Capital Federal'}, 'state': {'id': 'TUxBUENBUGw3M2E1', 'name': 'Capital Federal'}}, 'id': 1019652404}",,
iPhone,Apple iPhone 15 Pro (256 Gb) - Titanio Negro,1655499,new,,{'name': 'PALERMO'},,,,,,,"{'city': {'name': 'PALERMO'}, 'state': {'id': 'AR-C', 'name': 'Capital Federal'}, 'country': {'id': 'AR', 'name': 'Argentina'}, 'search_location': {'neighborhood': {'id': 'TUxBQlBBTDI1MTVa', 'name': 'Palermo'}, 'city': {'id': 'TUxBQ0NBUGZlZG1sYQ', 'name': 'Capital Federal'}, 'state': {'id': 'TUxBUENBUGw3M2E1', 'name': 'Capital Federal'}}, 'id': 1284504802}",,
iPhone,Apple iPhone 15 Pro (128 Gb) - Titanio Negro,1573499,new,,{'name': 'PALERMO'},,,,,,,"{'city': {'name': 'PALERMO'}, 'state': {'id': 'AR-C', 'name': 'Capital Federal'}, 'country': {'id': 'AR', 'name': 'Argentina'}, 'search_location': {'neighborhood': {'id': 'TUxBQlBBTDI1MTVa', 'name': 'Palermo'}, 'city': {'id': 'TUxBQ0NBUGZlZG1sYQ', 'name': 'Capital Federal'}, 'state': {'id': 'TUxBUENBUGw3M2E1', 'name': 'Capital Federal'}}, 'id': 1284504802}",,
iPhone, iPhone 6s 32 Gb  Gris Espacial,269999,new,,"{'id': 'TUxBQkNPRzY5MTZa', 'name': 'Coghlan'}",,,,,,,"{'city': {'id': 'TUxBQkNPRzY5MTZa', 'name': 'Coghlan'}, 'state': {'id': 'AR-C', 'name': 'Capital Federal'}, 'country': {'id': 'AR', 'name': 'Argentina'}, 'search_location': {'neighborhood': {'id': 'TUxBQlZJTDcwOTla', 'name': 'Villa Urquiza'}, 'city': {'id': 'TUxBQ0NBUGZlZG1sYQ', 'name': 'Capital Federal'}, 'state': {'id': 'TUxBUENBUGw3M2E1', 'name': 'Capital Federal'}}, 'id': 1019652404}",,
iPhone,"Apple iPhone SE Se (3ª Generación, 128 Gb) - Azul Medianoche - Distribuidor Autorizado",763198.8,new,,"{'id': 'TUxBQlBBVDI0ODFa', 'name': 'Paternal'}",,,,,,,"{'city': {'id': 'TUxBQlBBVDI0ODFa', 'name': 'Paternal'}, 'state': {'id': 'AR-C', 'name': 'Capital Federal'}, 'country': {'id': 'AR', 'name': 'Argentina'}, 'search_location': {'neighborhood': {'id': 'TUxBQkFHUjk3NjJa', 'name': 'Agronomía'}, 'city': {'id': 'TUxBQ0NBUGZlZG1sYQ', 'name': 'Capital Federal'}, 'state': {'id': 'TUxBUENBUGw3M2E1', 'name': 'Capital Federal'}}, 'id': 1202690442}",,
iPhone,Apple iPhone 13 (128 Gb) - Blanco Estelar - Distribuidor Autorizado,1682999.45,new,,"{'id': 'TUxBQlBBVDI0ODFa', 'name': 'Paternal'}",,,,,,,"{'city': {'id': 'TUxBQlBBVDI0ODFa', 'name': 'Paternal'}, 'state': {'id': 'AR-C', 'name': 'Capital Federal'}, 'country': {'id': 'AR', 'name': 'Argentina'}, 'search_location': {'neighborhood': {'id': 'TUxBQkFHUjk3NjJa', 'name': 'Agronomía'}, 'city': {'id': 'TUxBQ0NBUGZlZG1sYQ', 'name': 'Capital Federal'}, 'state': {'id': 'TUxBUENBUGw3M2E1', 'name': 'Capital Federal'}}, 'id': 1202690442}",,
iPhone,Apple iPhone 15 Pro Max (512 Gb) - Titanio Azul,2211880,new,,{'name': 'norte'},,,,,,,"{'city': {'name': 'norte'}, 'state': {'id': 'AR-C', 'name': 'Capital Federal'}, 'country': {'id': 'AR', 'name': 'Argentina'}, 'search_location': {'city': {'id': 'TUxBQ0NBUGZlZG1sYQ', 'name': 'Capital Federal'}, 'state': {'id': 'TUxBUENBUGw3M2E1', 'name': 'Capital Federal'}}, 'id': 1301294821}",,
iPhone,"Apple iPhone SE Se (3ª Generación, 128 Gb) - Blanco Estelar",839999,new,,{'name': 'PALERMO'},,,,,,,"{'city': {'name': 'PALERMO'}, 'state': {'id': 'AR-C', 'name': 'Capital Federal'}, 'country': {'id': 'AR', 'name': 'Argentina'}, 'search_location': {'neighborhood': {'id': 'TUxBQlBBTDI1MTVa', 'name': 'Palermo'}, 'city': {'id': 'TUxBQ0NBUGZlZG1sYQ', 'name': 'Capital Federal'}, 'state': {'id': 'TUxBUENBUGw3M2E1', 'name': 'Capital Federal'}}, 'id': 1284504802}",,
iPhone,Apple iPhone 15 (256 Gb) - Negro,1436999,new,,{'name': 'PALERMO'},,,,,,,"{'city': {'name': 'PALERMO'}, 'state': {'id': 'AR-C', 'name': 'Capital Federal'}, 'country': {'id': 'AR', 'name': 'Argentina'}, 'search_location': {'neighborhood': {'id': 'TUxBQlBBTDI1MTVa', 'name': 'Palermo'}, 'city': {'id': 'TUxBQ0NBUGZlZG1sYQ', 'name': 'Capital Federal'}, 'state': {'id': 'TUxBUENBUGw3M2E1', 'name': 'Capital Federal'}}, 'id': 1284504802}",,
iPhone, iPhone 8 64 Gb  Oro,429999,new,,{'name': 'Martínez'},,,,,,,"{'city': {'name': 'Martínez'}, 'state': {'id': 'AR-B', 'name': 'Buenos Aires'}, 'country': {'id': 'AR', 'name': 'Argentina'}, 'search_location': {'neighborhood': {'id': 'TUxBQk1BUjExNDJa', 'name': 'Martínez'}, 'city': {'id': 'TUxBQ1NBTjg4ZmJk', 'name': 'San Isidro'}, 'state': {'id': 'TUxBUEdSQWU4ZDkz', 'name': 'Bs.As. G.B.A. Norte'}}, 'id': 1190929043}",,
iPhone,Apple iPhone 14 (256 Gb) - Medianoche,1444999,new,,{'name': 'PALERMO'},,,,,,,"{'city': {'name': 'PALERMO'}, 'state': {'id': 'AR-C', 'name': 'Capital Federal'}, 'country': {'id': 'AR', 'name': 'Argentina'}, 'search_location': {'neighborhood': {'id': 'TUxBQlBBTDI1MTVa', 'name': 'Palermo'}, 'city': {'id': 'TUxBQ0NBUGZlZG1sYQ', 'name': 'Capital Federal'}, 'state': {'id': 'TUxBUENBUGw3M2E1', 'name': 'Capital Federal'}}, 'id': 1284504802}",,
iPhone,Apple iPhone 13 (256 Gb) - Rosa,1317499,new,,{'name': 'PALERMO'},,,,,,,"{'city': {'name': 'PALERMO'}, 'state': {'id': 'AR-C', 'name': 'Capital Federal'}, 'country': {'id': 'AR', 'name': 'Argentina'}, 'search_location': {'neighborhood': {'id': 'TUxBQlBBTDI1MTVa', 'name': 'Palermo'}, 'city': {'id': 'TUxBQ0NBUGZlZG1sYQ', 'name': 'Capital Federal'}, 'state': {'id': 'TUxBUENBUGw3M2E1', 'name': 'Capital Federal'}}, 'id': 1284504802}",,
iPhone,Apple iPhone 14 Pro (256 Gb) - Color Plata - Distribuidor Autorizado,2571449.5,new,,"{'id': 'TUxBQlBBVDI0ODFa', 'name': 'Paternal'}",,,,,,,"{'city': {'id': 'TUxBQlBBVDI0ODFa', 'name': 'Paternal'}, 'state': {'id': 'AR-C', 'name': 'Capital Federal'}, 'country': {'id': 'AR', 'name': 'Argentina'}, 'search_location': {'neighborhood': {'id': 'TUxBQkFHUjk3NjJa', 'name': 'Agronomía'}, 'city': {'id': 'TUxBQ0NBUGZlZG1sYQ', 'name': 'Capital Federal'}, 'state': {'id': 'TUxBUENBUGw3M2E1', 'name': 'Capital Federal'}}, 'id': 1202690442}",,
iPhone,"Apple iPhone SE Se (3ª Generación, 64 Gb) - Blanco Estelar",713999,new,,{'name': 'PALERMO'},,,,,,,"{'city': {'name': 'PALERMO'}, 'state': {'id': 'AR-C', 'name': 'Capital Federal'}, 'country': {'id': 'AR', 'name': 'Argentina'}, 'search_location': {'neighborhood': {'id': 'TUxBQlBBTDI1MTVa', 'name': 'Palermo'}, 'city': {'id': 'TUxBQ0NBUGZlZG1sYQ', 'name': 'Capital Federal'}, 'state': {'id': 'TUxBUENBUGw3M2E1', 'name': 'Capital Federal'}}, 'id': 1284504802}",,
iPhone,"Apple iPhone SE (3ª Generación, 64 Gb) - Blanco Estelar - Distribuidor Autorizado",1047198.6,new,,"{'id': 'TUxBQlBBVDI0ODFa', 'name': 'Paternal'}",,,,,,,"{'city': {'id': 'TUxBQlBBVDI0ODFa', 'name': 'Paternal'}, 'state': {'id': 'AR-C', 'name': 'Capital Federal'}, 'country': {'id': 'AR', 'name': 'Argentina'}, 'search_location': {'neighborhood': {'id': 'TUxBQkFHUjk3NjJa', 'name': 'Agronomía'}, 'city': {'id': 'TUxBQ0NBUGZlZG1sYQ', 'name': 'Capital Federal'}, 'state': {'id': 'TUxBUENBUGw3M2E1', 'name': 'Capital Federal'}}, 'id': 1202690442}",,
iPhone,Apple iPhone 15 Plus (128 Gb) - Verde,1545925,new,,{'name': 'PALERMO'},,,,,,,"{'city': {'name': 'PALERMO'}, 'state': {'id': 'AR-C', 'name': 'Capital Federal'}, 'country': {'id': 'AR', 'name': 'Argentina'}, 'search_location': {'neighborhood': {'id': 'TUxBQlBBTDI1MTVa', 'name': 'Palermo'}, 'city': {'id': 'TUxBQ0NBUGZlZG1sYQ', 'name': 'Capital Federal'}, 'state': {'id': 'TUxBUENBUGw3M2E1', 'name': 'Capital Federal'}}, 'id': 1284504802}",,
iPhone,Apple iPhone 15 Pro (512 Gb) - Titanio Negro,2202283,new,,{'name': 'Villa Luzuriaga'},,,,,,,"{'city': {'name': 'Villa Luzuriaga'}, 'state': {'id': 'AR-B', 'name': 'Buenos Aires'}, 'country': {'id': 'AR', 'name': 'Argentina'}, 'search_location': {'neighborhood': {'id': 'TUxBQlZJTDM3ODRa', 'name': 'Villa Luzuriaga'}, 'city': {'id': 'TUxBQ0xBTWF0YW56', 'name': 'La Matanza'}, 'state': {'id': 'TUxBUEdSQWVmNTVm', 'name': 'Bs.As. G.B.A. Oeste'}}, 'id': 268872829}",,
iPhone,Apple iPhone 15 Pro (1 0tb) - Titanio Natural,2299990,new,,"{'id': 'TUxBQk7a0TcwOTRa', 'name': 'Núñez'}",,,,,,,"{'city': {'id': 'TUxBQk7a0TcwOTRa', 'name': 'Núñez'}, 'state': {'id': 'AR-C', 'name': 'Capital Federal'}, 'country': {'id': 'AR', 'name': 'Argentina'}, 'search_location': {'neighborhood': {'id': 'TUxBQk7a0TcwOTRa', 'name': 'Núñez'}, 'city': {'id': 'TUxBQ0NBUGZlZG1sYQ', 'name': 'Capital Federal'}, 'state': {'id': 'TUxBUENBUGw3M2E1', 'name': 'Capital Federal'}}, 'id': 1196614349}",,
iPhone, iPhone 13 iPhone 13 128 Gb  Azul Medianoche A2633,919000,new,,{'name': 'norte'},,,,,,,"{'city': {'name': 'norte'}, 'state': {'id': 'AR-C', 'name': 'Capital Federal'}, 'country': {'id': 'AR', 'name': 'Argentina'}, 'search_location': {'city': {'id': 'TUxBQ0NBUGZlZG1sYQ', 'name': 'Capital Federal'}, 'state': {'id': 'TUxBUENBUGw3M2E1', 'name': 'Capital Federal'}}, 'id': 1301294821}",,
iPhone,Apple iPhone 12 (128 Gb) - Negro,925500,new,,"{'id': 'TUxBQk1PTjUxOTJa', 'name': 'Monserrat'}",,,,,,,"{'city': {'id': 'TUxBQk1PTjUxOTJa', 'name': 'Monserrat'}, 'state': {'id': 'AR-C', 'name': 'Capital Federal'}, 'country': {'id': 'AR', 'name': 'Argentina'}, 'search_location': {'neighborhood': {'id': 'TUxBQk1PTjUxOTJa', 'name': 'Monserrat'}, 'city': {'id': 'TUxBQ0NBUGZlZG1sYQ', 'name': 'Capital Federal'}, 'state': {'id': 'TUxBUENBUGw3M2E1', 'name': 'Capital Federal'}}, 'id': 1332521508}",,
iPhone, iPhone 13 iPhone 13 128 Gb  Blanco Estelar A2635,1151000,new,,"{'id': 'TUxBQkJBTDMxMDZa', 'name': 'Balvanera'}",,,,,,,"{'city': {'id': 'TUxBQkJBTDMxMDZa', 'name': 'Balvanera'}, 'state': {'id': 'AR-C', 'name': 'Capital Federal'}, 'country': {'id': 'AR', 'name': 'Argentina'}, 'search_location': {'neighborhood': {'id': 'TUxBQkJBTDMxMDZa', 'name': 'Balvanera'}, 'city': {'id': 'TUxBQ0NBUGZlZG1sYQ', 'name': 'Capital Federal'}, 'state': {'id': 'TUxBUENBUGw3M2E1', 'name': 'Capital Federal'}}, 'id': 1129949031}",,
iPhone,"iPhone X 64 Gb Blanco, Cable, Cargador Nuevos ",479590,new,,"{'id': 'TUxBQ01PUmViMTE3', 'name': 'Moreno'}",,,,,,,"{'city': {'id': 'TUxBQ01PUmViMTE3', 'name': 'Moreno'}, 'state': {'id': 'AR-B', 'name': 'Buenos Aires'}, 'country': {'id': 'AR', 'name': 'Argentina'}, 'search_location': {'neighborhood': {'id': 'TUxBQkZSQTY5ODZa', 'name': 'Francisco Álvarez'}, 'city': {'id': 'TUxBQ01PUmViMTE3', 'name': 'Moreno'}, 'state': {'id': 'TUxBUEdSQWVmNTVm', 'name': 'Bs.As. G.B.A. Oeste'}}, 'id': 1205252971}",,
iPhone,Apple iPhone 12 (256 Gb) - Azul,1149990,new,,"{'id': 'TUxBQk7a0TcwOTRa', 'name': 'Núñez'}",,,,,,,"{'city': {'id': 'TUxBQk7a0TcwOTRa', 'name': 'Núñez'}, 'state': {'id': 'AR-C', 'name': 'Capital Federal'}, 'country': {'id': 'AR', 'name': 'Argentina'}, 'search_location': {'neighborhood': {'id': 'TUxBQk7a0TcwOTRa', 'name': 'Núñez'}, 'city': {'id': 'TUxBQ0NBUGZlZG1sYQ', 'name': 'Capital Federal'}, 'state': {'id': 'TUxBUENBUGw3M2E1', 'name': 'Capital Federal'}}, 'id': 1196614349}",,
iPhone,Apple iPhone 14 Plus (256 Gb) - (product)red,1489999,new,,{'name': 'PALERMO'},,,,,,,"{'city': {'name': 'PALERMO'}, 'state': {'id': 'AR-C', 'name': 'Capital Federal'}, 'country': {'id': 'AR', 'name': 'Argentina'}, 'search_location': {'neighborhood': {'id': 'TUxBQlBBTDI1MTVa', 'name': 'Palermo'}, 'city': {'id': 'TUxBQ0NBUGZlZG1sYQ', 'name': 'Capital Federal'}, 'state': {'id': 'TUxBUENBUGw3M2E1', 'name': 'Capital Federal'}}, 'id': 1284504802}",,
iPhone,"Apple iPhone SE Se (3ª Generación, 256 Gb) - Product(red)",1094000,new,,{'name': 'Capital Federal'},,,,,,,"{'city': {'name': 'Capital Federal'}, 'state': {'id': 'AR-C', 'name': 'Capital Federal'}, 'country': {'id': 'AR', 'name': 'Argentina'}, 'search_location': {'city': {'id': 'TUxBQ0NBUGZlZG1sYQ', 'name': 'Capital Federal'}, 'state': {'id': 'TUxBUENBUGw3M2E1', 'name': 'Capital Federal'}}, 'id': 1237435613}",,
iPhone,Apple iPhone 13 Pro (128 Gb) - Oro,990000,new,,"{'id': 'TUxBQ0NBUDNhM2Jh', 'name': 'Posadas'}",,,,,,,"{'city': {'id': 'TUxBQ0NBUDNhM2Jh', 'name': 'Posadas'}, 'state': {'id': 'AR-N', 'name': 'Misiones'}, 'country': {'id': 'AR', 'name': 'Argentina'}, 'search_location': {'city': {'id': 'TUxBQ0NBUDNhM2Jh', 'name': 'Posadas'}, 'state': {'id': 'TUxBUE1JU3MzNjIx', 'name': 'Misiones'}}, 'id': 194196683}",,
iPhone,iPhone 15 Pro Max (1 tb) Titanio Natural,2623752,new,,{'name': 'PALERMO'},,,,,,,"{'city': {'name': 'PALERMO'}, 'state': {'id': 'AR-C', 'name': 'Capital Federal'}, 'country': {'id': 'AR', 'name': 'Argentina'}, 'search_location': {'neighborhood': {'id': 'TUxBQlBBTDI1MTVa', 'name': 'Palermo'}, 'city': {'id': 'TUxBQ0NBUGZlZG1sYQ', 'name': 'Capital Federal'}, 'state': {'id': 'TUxBUENBUGw3M2E1', 'name': 'Capital Federal'}}, 'id': 1284504802}",,
iPhone,Apple iPhone 14 Pro (256 Gb) - Negro Espacial,1999999,new,,"{'id': 'TUxBQlJFQzkyMTVa', 'name': 'Recoleta'}",,,,,,,"{'city': {'id': 'TUxBQlJFQzkyMTVa', 'name': 'Recoleta'}, 'state': {'id': 'AR-C', 'name': 'Capital Federal'}, 'country': {'id': 'AR', 'name': 'Argentina'}, 'search_location': {'neighborhood': {'id': 'TUxBQlJFQzkyMTVa', 'name': 'Recoleta'}, 'city': {'id': 'TUxBQ0NBUGZlZG1sYQ', 'name': 'Capital Federal'}, 'state': {'id': 'TUxBUENBUGw3M2E1', 'name': 'Capital Federal'}}, 'id': 1250050177}",,
iPhone,Apple iPhone X Silver 256gb Cable Funda Glass,593050,new,,"{'id': 'TUxBQkNBQjM4MDda', 'name': 'Caballito'}",,,,,,,"{'city': {'id': 'TUxBQkNBQjM4MDda', 'name': 'Caballito'}, 'state': {'id': 'AR-C', 'name': 'Capital Federal'}, 'country': {'id': 'AR', 'name': 'Argentina'}, 'search_location': {'neighborhood': {'id': 'TUxBQkNBQjM4MDda', 'name': 'Caballito'}, 'city': {'id': 'TUxBQ0NBUGZlZG1sYQ', 'name': 'Capital Federal'}, 'state': {'id': 'TUxBUENBUGw3M2E1', 'name': 'Capital Federal'}}, 'id': 1035051566}",,
iPhone,Apple iPhone XR 128gb Negro Cargador Cable Funda Glass,551650,new,,"{'id': 'TUxBQkNBQjM4MDda', 'name': 'Caballito'}",,,,,,,"{'city': {'id': 'TUxBQkNBQjM4MDda', 'name': 'Caballito'}, 'state': {'id': 'AR-C', 'name': 'Capital Federal'}, 'country': {'id': 'AR', 'name': 'Argentina'}, 'search_location': {'neighborhood': {'id': 'TUxBQkNBQjM4MDda', 'name': 'Caballito'}, 'city': {'id': 'TUxBQ0NBUGZlZG1sYQ', 'name': 'Capital Federal'}, 'state': {'id': 'TUxBUENBUGw3M2E1', 'name': 'Capital Federal'}}, 'id': 1035051566}",,
iPhone, iPhone 8 64 Gb Gold Rose Liberado ,392599,new,,{'name': 'Garín'},,,,,,,"{'city': {'name': 'Garín'}, 'state': {'id': 'AR-B', 'name': 'Buenos Aires'}, 'country': {'id': 'AR', 'name': 'Argentina'}, 'search_location': {'neighborhood': {'id': 'TUxBQkdBUjY5ODBa', 'name': 'Garín'}, 'city': {'id': 'TUxBQ0VTQzQ3YTc0', 'name': 'Escobar'}, 'state': {'id': 'TUxBUEdSQWU4ZDkz', 'name': 'Bs.As. G.B.A. Norte'}}, 'id': 1341909664}",,
iPhone,"Apple iPhone 11 (64 Gb) - Negro Cable, Cargador",499800,new,,"{'id': 'TUxBQ01PUmViMTE3', 'name': 'Moreno'}",,,,,,,"{'city': {'id': 'TUxBQ01PUmViMTE3', 'name': 'Moreno'}, 'state': {'id': 'AR-B', 'name': 'Buenos Aires'}, 'country': {'id': 'AR', 'name': 'Argentina'}, 'search_location': {'neighborhood': {'id': 'TUxBQkZSQTY5ODZa', 'name': 'Francisco Álvarez'}, 'city': {'id': 'TUxBQ01PUmViMTE3', 'name': 'Moreno'}, 'state': {'id': 'TUxBUEdSQWVmNTVm', 'name': 'Bs.As. G.B.A. Oeste'}}, 'id': 1205252971}",,
iPhone,Apple iPhone 12 Mini (64 Gb) - Morado,859000,new,,"{'id': 'TUxBQ01PUmViMTE3', 'name': 'Moreno'}",,,,,,,"{'city': {'id': 'TUxBQ01PUmViMTE3', 'name': 'Moreno'}, 'state': {'id': 'AR-B', 'name': 'Buenos Aires'}, 'country': {'id': 'AR', 'name': 'Argentina'}, 'search_location': {'neighborhood': {'id': 'TUxBQkZSQTY5ODZa', 'name': 'Francisco Álvarez'}, 'city': {'id': 'TUxBQ01PUmViMTE3', 'name': 'Moreno'}, 'state': {'id': 'TUxBUEdSQWVmNTVm', 'name': 'Bs.As. G.B.A. Oeste'}}, 'id': 1205252971}",,
iPhone,iPhone 13 Silver 256 Gb  88%,970000,new,,"{'id': 'TUxBQ01PUmViMTE3', 'name': 'Moreno'}",,,,,,,"{'city': {'id': 'TUxBQ01PUmViMTE3', 'name': 'Moreno'}, 'state': {'id': 'AR-B', 'name': 'Buenos Aires'}, 'country': {'id': 'AR', 'name': 'Argentina'}, 'search_location': {'neighborhood': {'id': 'TUxBQkZSQTY5ODZa', 'name': 'Francisco Álvarez'}, 'city': {'id': 'TUxBQ01PUmViMTE3', 'name': 'Moreno'}, 'state': {'id': 'TUxBUEdSQWVmNTVm', 'name': 'Bs.As. G.B.A. Oeste'}}, 'id': 1205252971}",,
iPhone,Apple iPhone 14 Pro 256gb Sellado 1 Año De Garantia Oficial,1649990,new,,"{'id': 'TUxBQk7a0TcwOTRa', 'name': 'Núñez'}",,,,,,,"{'city': {'id': 'TUxBQk7a0TcwOTRa', 'name': 'Núñez'}, 'state': {'id': 'AR-C', 'name': 'Capital Federal'}, 'country': {'id': 'AR', 'name': 'Argentina'}, 'search_location': {'neighborhood': {'id': 'TUxBQk7a0TcwOTRa', 'name': 'Núñez'}, 'city': {'id': 'TUxBQ0NBUGZlZG1sYQ', 'name': 'Capital Federal'}, 'state': {'id': 'TUxBUENBUGw3M2E1', 'name': 'Capital Federal'}}, 'id': 1196614349}",,
iPhone,"Apple iPhone XS 64 Gb  Gris Espacial Cable, Cargador",457000,new,,"{'id': 'TUxBQ01PUmViMTE3', 'name': 'Moreno'}",,,,,,,"{'city': {'id': 'TUxBQ01PUmViMTE3', 'name': 'Moreno'}, 'state': {'id': 'AR-B', 'name': 'Buenos Aires'}, 'country': {'id': 'AR', 'name': 'Argentina'}, 'search_location': {'neighborhood': {'id': 'TUxBQkZSQTY5ODZa', 'name': 'Francisco Álvarez'}, 'city': {'id': 'TUxBQ01PUmViMTE3', 'name': 'Moreno'}, 'state': {'id': 'TUxBUEdSQWVmNTVm', 'name': 'Bs.As. G.B.A. Oeste'}}, 'id': 1205252971}",,
iPhone,iPhone 12 128 Gb Medianoche,698000,new,,"{'id': 'TUxBQ01PUmViMTE3', 'name': 'Moreno'}",,,,,,,"{'city': {'id': 'TUxBQ01PUmViMTE3', 'name': 'Moreno'}, 'state': {'id': 'AR-B', 'name': 'Buenos Aires'}, 'country': {'id': 'AR', 'name': 'Argentina'}, 'search_location': {'neighborhood': {'id': 'TUxBQkZSQTY5ODZa', 'name': 'Francisco Álvarez'}, 'city': {'id': 'TUxBQ01PUmViMTE3', 'name': 'Moreno'}, 'state': {'id': 'TUxBUEdSQWVmNTVm', 'name': 'Bs.As. G.B.A. Oeste'}}, 'id': 1205252971}",,
iPhone,iPhone 11 (64 Gb) - Negro Apple,665400,new,,"{'id': 'TUxBQlNBTjgzMjRa', 'name': 'San Nicolás'}",,,,,,,"{'city': {'id': 'TUxBQlNBTjgzMjRa', 'name': 'San Nicolás'}, 'state': {'id': 'AR-C', 'name': 'Capital Federal'}, 'country': {'id': 'AR', 'name': 'Argentina'}, 'search_location': {'neighborhood': {'id': 'TUxBQlNBTjgzMjRa', 'name': 'San Nicolás'}, 'city': {'id': 'TUxBQ0NBUGZlZG1sYQ', 'name': 'Capital Federal'}, 'state': {'id': 'TUxBUENBUGw3M2E1', 'name': 'Capital Federal'}}, 'id': 56108146}",,
iPhone,Apple iPhone 15 Pro Max (256 Gb) Nuevo Liberado Caja Sellada,1769970.51,new,,{'name': 'SAN TELMO'},,,,,,,"{'city': {'name': 'SAN TELMO'}, 'state': {'id': 'AR-C', 'name': 'Capital Federal'}, 'country': {'id': 'AR', 'name': 'Argentina'}, 'search_location': {'neighborhood': {'id': 'TUxBQlNBTjgxMzNa', 'name': 'San Telmo'}, 'city': {'id': 'TUxBQ0NBUGZlZG1sYQ', 'name': 'Capital Federal'}, 'state': {'id': 'TUxBUENBUGw3M2E1', 'name': 'Capital Federal'}}, 'id': 1295187384}",,
iPhone,iPhone 13 Pro Max 256 Gb Grafito ,1381890,new,,"{'id': 'TUxBQ01PUmViMTE3', 'name': 'Moreno'}",,,,,,,"{'city': {'id': 'TUxBQ01PUmViMTE3', 'name': 'Moreno'}, 'state': {'id': 'AR-B', 'name': 'Buenos Aires'}, 'country': {'id': 'AR', 'name': 'Argentina'}, 'search_location': {'neighborhood': {'id': 'TUxBQkZSQTY5ODZa', 'name': 'Francisco Álvarez'}, 'city': {'id': 'TUxBQ01PUmViMTE3', 'name': 'Moreno'}, 'state': {'id': 'TUxBUEdSQWVmNTVm', 'name': 'Bs.As. G.B.A. Oeste'}}, 'id': 1205252971}",,
iPhone,Apple iPhone 14 Pro Max (128 Gb) - Morado Oscuro,3329999.1,new,,"{'id': 'TUxBQlBBVDI0ODFa', 'name': 'Paternal'}",,,,,,,"{'city': {'id': 'TUxBQlBBVDI0ODFa', 'name': 'Paternal'}, 'state': {'id': 'AR-C', 'name': 'Capital Federal'}, 'country': {'id': 'AR', 'name': 'Argentina'}, 'search_location': {'neighborhood': {'id': 'TUxBQlBBVDI0ODFa', 'name': 'Paternal'}, 'city': {'id': 'TUxBQ0NBUGZlZG1sYQ', 'name': 'Capital Federal'}, 'state': {'id': 'TUxBUENBUGw3M2E1', 'name': 'Capital Federal'}}, 'id': 1133569285}",,
iPhone,Apple iPhone 15 Pro Max (256 Gb) Azul / Blanco Titanio,1770982.46,new,,"{'id': 'TUxBQlNBTjgxMzNa', 'name': 'San Telmo'}",,,,,,,"{'city': {'id': 'TUxBQlNBTjgxMzNa', 'name': 'San Telmo'}, 'state': {'id': 'AR-C', 'name': 'Capital Federal'}, 'country': {'id': 'AR', 'name': 'Argentina'}, 'search_location': {'neighborhood': {'id': 'TUxBQlNBTjgxMzNa', 'name': 'San Telmo'}, 'city': {'id': 'TUxBQ0NBUGZlZG1sYQ', 'name': 'Capital Federal'}, 'state': {'id': 'TUxBUENBUGw3M2E1', 'name': 'Capital Federal'}}, 'id': 1096307075}",,
iPhone,Apple iPhone 8 64gb Rose Gold - Bateria 100%,347697,new,,"{'id': 'TUxBQ1FVSWI1MzY', 'name': 'Quilmes'}",,,,,,,"{'city': {'id': 'TUxBQ1FVSWI1MzY', 'name': 'Quilmes'}, 'state': {'id': 'AR-B', 'name': 'Buenos Aires'}, 'country': {'id': 'AR', 'name': 'Argentina'}, 'search_location': {'city': {'id': 'TUxBQ1FVSWI1MzY', 'name': 'Quilmes'}, 'state': {'id': 'TUxBUEdSQXJlMDNm', 'name': 'Bs.As. G.B.A. Sur'}}, 'id': 1266265716}",,
Samsung Galaxy,Samsung Galaxy A51 128 Gb Black 4 Gb Ram Liberado,267999,new,,{'name': 'Garín'},,,,,,,"{'city': {'name': 'Garín'}, 'state': {'id': 'AR-B', 'name': 'Buenos Aires'}, 'country': {'id': 'AR', 'name': 'Argentina'}, 'search_location': {'neighborhood': {'id': 'TUxBQkdBUjY5ODBa', 'name': 'Garín'}, 'city': {'id': 'TUxBQ0VTQzQ3YTc0', 'name': 'Escobar'}, 'state': {'id': 'TUxBUEdSQWU4ZDkz', 'name': 'Bs.As. G.B.A. Norte'}}, 'id': 1341909664}",,
Samsung Galaxy,Samsung Galaxy A04 64gb Color Blanco,177078,new,,"{'id': 'TUxBQkJBUjM0MDha', 'name': 'Barracas'}",,,,,,,"{'city': {'id': 'TUxBQkJBUjM0MDha', 'name': 'Barracas'}, 'state': {'id': 'AR-C', 'name': 'Capital Federal'}, 'country': {'id': 'AR', 'name': 'Argentina'}, 'search_location': {'neighborhood': {'id': 'TUxBQkJBUjM0MDha', 'name': 'Barracas'}, 'city': {'id': 'TUxBQ0NBUGZlZG1sYQ', 'name': 'Capital Federal'}, 'state': {'id': 'TUxBUENBUGw3M2E1', 'name': 'Capital Federal'}}, 'id': 1308341979}",,
Samsung Galaxy,"Samsung Galaxy A04e 3+64gb 6,5 Pulgadas Octa-core Color Black",159999,new,,{'name': 'Villa Celina'},,,,,,,"{'city': {'name': 'Villa Celina'}, 'state': {'id': 'AR-B', 'name': 'Buenos Aires'}, 'country': {'id': 'AR', 'name': 'Argentina'}, 'search_location': {'neighborhood': {'id': 'TVhYVmlsbGEgQ2VsaW5hVFV4QlEweEJUV0YwW', 'name': 'Villa Celina'}, 'city': {'id': 'TUxBQ0xBTWF0YW56', 'name': 'La Matanza'}, 'state': {'id': 'TUxBUEdSQWVmNTVm', 'name': 'Bs.As. G.B.A. Oeste'}}, 'id': 1118245173}",,
Samsung Galaxy,Samsung Galaxy A54 5g 256 Gb  Awesome Graphite 8 Gb Ram,694999,new,,"{'id': 'QVItQkJlY2Nhcg', 'name': 'Beccar'}",,,,,,,"{'city': {'id': 'QVItQkJlY2Nhcg', 'name': 'Beccar'}, 'state': {'id': 'AR-B', 'name': 'Buenos Aires'}, 'country': {'id': 'AR', 'name': 'Argentina'}, 'id': 426174402}",,
Samsung Galaxy,Samsung Galaxy A34 128gb 6gb Ram Awesome Lime,508079.27,new,,"{'id': 'TUxBQ0NBTjk4NTM', 'name': 'Cañuelas'}",,,,,,,"{'city': {'id': 'TUxBQ0NBTjk4NTM', 'name': 'Cañuelas'}, 'state': {'id': 'AR-B', 'name': 'Buenos Aires'}, 'country': {'id': 'AR', 'name': 'Argentina'}, 'search_location': {'city': {'id': 'TUxBQ0NBTjk4NTM', 'name': 'Cañuelas'}, 'state': {'id': 'TUxBUFpPTmFpbnRl', 'name': 'Buenos Aires Interior'}}, 'id': 956906012}",,
Samsung Galaxy,Samsung Galaxy A04s 4 + 128gb Negro,199999,new,,"{'id': 'TUxBQ0NBUGNiZGQx', 'name': 'Córdoba'}",,,,,,,"{'city': {'id': 'TUxBQ0NBUGNiZGQx', 'name': 'Córdoba'}, 'state': {'id': 'AR-X', 'name': 'Córdoba'}, 'country': {'id': 'AR', 'name': 'Argentina'}, 'search_location': {'city': {'id': 'TUxBQ0NBUGNiZGQx', 'name': 'Córdoba'}, 'state': {'id': 'TUxBUENPUmFkZGIw', 'name': 'Córdoba'}}, 'id': 1130654200}",,
Samsung Galaxy,Samsung Galaxy A14 128gb 4gb Ram Negro,359999,new,,{'name': 'C.A.B.A'},,,,,,,"{'city': {'name': 'C.A.B.A'}, 'state': {'id': 'AR-C', 'name': 'Capital Federal'}, 'country': {'id': 'AR', 'name': 'Argentina'}, 'search_location': {'neighborhood': {'id': 'TUxBQlBBTDI1MTVa', 'name': 'Palermo'}, 'city': {'id': 'TUxBQ0NBUGZlZG1sYQ', 'name': 'Capital Federal'}, 'state': {'id': 'TUxBUENBUGw3M2E1', 'name': 'Capital Federal'}}, 'id': 111080531}",,
Samsung Galaxy,Samsung Galaxy A14 (exynos) 5g Dual Sim 128 Gb  Black 4 Gb Ram,299999,new,,{'name': 'Villa Celina'},,,,,,,"{'city': {'name': 'Villa Celina'}, 'state': {'id': 'AR-B', 'name': 'Buenos Aires'}, 'country': {'id': 'AR', 'name': 'Argentina'}, 'search_location': {'neighborhood': {'id': 'TVhYVmlsbGEgQ2VsaW5hVFV4QlEweEJUV0YwW', 'name': 'Villa Celina'}, 'city': {'id': 'TUxBQ0xBTWF0YW56', 'name': 'La Matanza'}, 'state': {'id': 'TUxBUEdSQWVmNTVm', 'name': 'Bs.As. G.B.A. Oeste'}}, 'id': 1118245173}",,
Samsung Galaxy,Celular Samsung Galaxy A04 128gb Color Negro,189999,new,,"{'id': 'TUxBQ0NBUGNiZGQx', 'name': 'Córdoba'}",,,,,,,"{'city': {'id': 'TUxBQ0NBUGNiZGQx', 'name': 'Córdoba'}, 'state': {'id': 'AR-X', 'name': 'Córdoba'}, 'country': {'id': 'AR', 'name': 'Argentina'}, 'search_location': {'city': {'id': 'TUxBQ0NBUGNiZGQx', 'name': 'Córdoba'}, 'state': {'id': 'TUxBUENPUmFkZGIw', 'name': 'Córdoba'}}, 'id': 1225448079}",,
Samsung Galaxy,Samsung Galaxy A24 128 Gb  Negro 6 Gb Ram,524999,new,,{'name': 'C.A.B.A'},,,,,,,"{'city': {'name': 'C.A.B.A'}, 'state': {'id': 'AR-C', 'name': 'Capital Federal'}, 'country': {'id': 'AR', 'name': 'Argentina'}, 'search_location': {'neighborhood': {'id': 'TUxBQlBBTDI1MTVa', 'name': 'Palermo'}, 'city': {'id': 'TUxBQ0NBUGZlZG1sYQ', 'name': 'Capital Federal'}, 'state': {'id': 'TUxBUENBUGw3M2E1', 'name': 'Capital Federal'}}, 'id': 111080531}",,
Samsung Galaxy,Samsung Galaxy A23 5g 5g 128 Gb  Awesome Black 4 Gb Ram,399999,new,,{'name': 'Villa Celina'},,,,,,,"{'city': {'name': 'Villa Celina'}, 'state': {'id': 'AR-B', 'name': 'Buenos Aires'}, 'country': {'id': 'AR', 'name': 'Argentina'}, 'search_location': {'neighborhood': {'id': 'TVhYVmlsbGEgQ2VsaW5hVFV4QlEweEJUV0YwW', 'name': 'Villa Celina'}, 'city': {'id': 'TUxBQ0xBTWF0YW56', 'name': 'La Matanza'}, 'state': {'id': 'TUxBUEdSQWVmNTVm', 'name': 'Bs.As. G.B.A. Oeste'}}, 'id': 1118245173}",,
Samsung Galaxy,Samsung Galaxy A04e 32 Gb  Negro 3 Gb Ram,139990,new,,"{'id': 'TUxBQ0lUVTNjNDFm', 'name': 'Ituzaingó'}",,,,,,,"{'city': {'id': 'TUxBQ0lUVTNjNDFm', 'name': 'Ituzaingó'}, 'state': {'id': 'AR-B', 'name': 'Buenos Aires'}, 'country': {'id': 'AR', 'name': 'Argentina'}, 'search_location': {'city': {'id': 'TUxBQ0lUVTNjNDFm', 'name': 'Ituzaingó'}, 'state': {'id': 'TUxBUEdSQWVmNTVm', 'name': 'Bs.As. G.B.A. Oeste'}}, 'id': 1212628712}",,
Samsung Galaxy,Samsung Galaxy A54 5g 5g 128 Gb  Awesome Graphite 8 Gb Ram,779999,new,,{'name': 'Villa Celina'},,,,,,,"{'city': {'name': 'Villa Celina'}, 'state': {'id': 'AR-B', 'name': 'Buenos Aires'}, 'country': {'id': 'AR', 'name': 'Argentina'}, 'search_location': {'neighborhood': {'id': 'TVhYVmlsbGEgQ2VsaW5hVFV4QlEweEJUV0YwW', 'name': 'Villa Celina'}, 'city': {'id': 'TUxBQ0xBTWF0YW56', 'name': 'La Matanza'}, 'state': {'id': 'TUxBUEdSQWVmNTVm', 'name': 'Bs.As. G.B.A. Oeste'}}, 'id': 1118245173}",,
Samsung Galaxy,Celular Samsung Galaxy A14 (mediatek) 5g Dual Sim 128 Gb  Black 4 Gb Ram,270000,new,,"{'id': 'TUxBQ0xBTmJjYzE4', 'name': 'Lanús'}",,,,,,,"{'city': {'id': 'TUxBQ0xBTmJjYzE4', 'name': 'Lanús'}, 'state': {'id': 'AR-B', 'name': 'Buenos Aires'}, 'country': {'id': 'AR', 'name': 'Argentina'}, 'search_location': {'city': {'id': 'TUxBQ0xBTmJjYzE4', 'name': 'Lanús'}, 'state': {'id': 'TUxBUEdSQXJlMDNm', 'name': 'Bs.As. G.B.A. Sur'}}, 'id': 1120096736}",,
Samsung Galaxy,Samsung Galaxy A04 64gb Color Negro,254999,new,,{'name': 'Villa Celina'},,,,,,,"{'city': {'name': 'Villa Celina'}, 'state': {'id': 'AR-B', 'name': 'Buenos Aires'}, 'country': {'id': 'AR', 'name': 'Argentina'}, 'search_location': {'neighborhood': {'id': 'TVhYVmlsbGEgQ2VsaW5hVFV4QlEweEJUV0YwW', 'name': 'Villa Celina'}, 'city': {'id': 'TUxBQ0xBTWF0YW56', 'name': 'La Matanza'}, 'state': {'id': 'TUxBUEdSQWVmNTVm', 'name': 'Bs.As. G.B.A. Oeste'}}, 'id': 1118245173}",,
Samsung Galaxy,Samsung Galaxy S23 Fe 256gb 8gb Ram Crema ,1249999,new,,{'name': 'Garin'},,,,,,,"{'city': {'name': 'Garin'}, 'state': {'id': 'AR-B', 'name': 'Buenos Aires'}, 'country': {'id': 'AR', 'name': 'Argentina'}, 'search_location': {'neighborhood': {'id': 'TUxBQkdBUjY5ODBa', 'name': 'Garín'}, 'city': {'id': 'TUxBQ0VTQzQ3YTc0', 'name': 'Escobar'}, 'state': {'id': 'TUxBUEdSQWU4ZDkz', 'name': 'Bs.As. G.B.A. Norte'}}, 'id': 1054382968}",,
Samsung Galaxy,Celular Samsung Galaxy A04 128gb 4gb Ram Negro,214919,new,,"{'id': 'TUxBQlBBUjYwMzZa', 'name': 'Parque Patricios'}",,,,,,,"{'city': {'id': 'TUxBQlBBUjYwMzZa', 'name': 'Parque Patricios'}, 'state': {'id': 'AR-C', 'name': 'Capital Federal'}, 'country': {'id': 'AR', 'name': 'Argentina'}, 'search_location': {'neighborhood': {'id': 'TUxBQlBBUjYwMzZa', 'name': 'Parque Patricios'}, 'city': {'id': 'TUxBQ0NBUGZlZG1sYQ', 'name': 'Capital Federal'}, 'state': {'id': 'TUxBUENBUGw3M2E1', 'name': 'Capital Federal'}}, 'id': 1197964207}",,
Samsung Galaxy,Samsung Galaxy A03 Core 32gb Octa-core 2gb Ram,162000,new,,{'name': 'Martínez'},,,,,,,"{'city': {'name': 'Martínez'}, 'state': {'id': 'AR-B', 'name': 'Buenos Aires'}, 'country': {'id': 'AR', 'name': 'Argentina'}, 'search_location': {'neighborhood': {'id': 'TUxBQk1BUjExNDJa', 'name': 'Martínez'}, 'city': {'id': 'TUxBQ1NBTjg4ZmJk', 'name': 'San Isidro'}, 'state': {'id': 'TUxBUEdSQWU4ZDkz', 'name': 'Bs.As. G.B.A. Norte'}}, 'id': 1234100774}",,
Samsung Galaxy,Samsung Galaxy A33 5g 128 Gb Awesome Blue 6 Gb Ram,497781,new,,{'name': 'Temperley'},,,,,,,"{'city': {'name': 'Temperley'}, 'state': {'id': 'AR-B', 'name': 'Buenos Aires'}, 'country': {'id': 'AR', 'name': 'Argentina'}, 'search_location': {'neighborhood': {'id': 'TUxBQlRFTTExMDFa', 'name': 'Temperley'}, 'city': {'id': 'TUxBQ0xPTWMwNjk3', 'name': 'Lomas de Zamora'}, 'state': {'id': 'TUxBUEdSQXJlMDNm', 'name': 'Bs.As. G.B.A. Sur'}}, 'id': 1237249092}",,
Samsung Galaxy,Celular Samsung Galaxy S22 5g 128gb + 8gb 120 Hz Negro,1099999,new,,{'name': 'Villa Celina'},,,,,,,"{'city': {'name': 'Villa Celina'}, 'state': {'id': 'AR-B', 'name': 'Buenos Aires'}, 'country': {'id': 'AR', 'name': 'Argentina'}, 'search_location': {'neighborhood': {'id': 'TVhYVmlsbGEgQ2VsaW5hVFV4QlEweEJUV0YwW', 'name': 'Villa Celina'}, 'city': {'id': 'TUxBQ0xBTWF0YW56', 'name': 'La Matanza'}, 'state': {'id': 'TUxBUEdSQWVmNTVm', 'name': 'Bs.As. G.B.A. Oeste'}}, 'id': 1118245173}",,
Samsung Galaxy,Samsung Galaxy A14 (exynos) 5g 128 Gb  Black 4 Gb Ram,347999.2,new,,"{'id': 'TUxBQ0NBTjk4NTM', 'name': 'Cañuelas'}",,,,,,,"{'city': {'id': 'TUxBQ0NBTjk4NTM', 'name': 'Cañuelas'}, 'state': {'id': 'AR-B', 'name': 'Buenos Aires'}, 'country': {'id': 'AR', 'name': 'Argentina'}, 'search_location': {'city': {'id': 'TUxBQ0NBTjk4NTM', 'name': 'Cañuelas'}, 'state': {'id': 'TUxBUFpPTmFpbnRl', 'name': 'Buenos Aires Interior'}}, 'id': 956906012}",,
Samsung Galaxy,Samsung Galaxy S23 Ultra 12gb 256gb Color Green,1435000,new,,{'name': 'General Pacheco'},,,,,,,"{'city': {'name': 'General Pacheco'}, 'state': {'id': 'AR-B', 'name': 'Buenos Aires'}, 'country': {'id': 'AR', 'name': 'Argentina'}, 'search_location': {'neighborhood': {'id': 'TUxBQkdFTjIxNjJa', 'name': 'General Pacheco'}, 'city': {'id': 'TUxBQ1RJRzk0ZjQw', 'name': 'Tigre'}, 'state': {'id': 'TUxBUEdSQWU4ZDkz', 'name': 'Bs.As. G.B.A. Norte'}}, 'id': 1017877426}",,
Samsung Galaxy,Samsung Galaxy S23 Fe 128gb 8gb Ram Color Mint,1001899.14,new,,"{'id': 'TUxBQ0NBTjk4NTM', 'name': 'Cañuelas'}",,,,,,,"{'city': {'id': 'TUxBQ0NBTjk4NTM', 'name': 'Cañuelas'}, 'state': {'id': 'AR-B', 'name': 'Buenos Aires'}, 'country': {'id': 'AR', 'name': 'Argentina'}, 'search_location': {'city': {'id': 'TUxBQ0NBTjk4NTM', 'name': 'Cañuelas'}, 'state': {'id': 'TUxBUFpPTmFpbnRl', 'name': 'Buenos Aires Interior'}}, 'id': 956906012}",,
Samsung Galaxy,Samsung Galaxy S23 256gb Color Phantom Black,1175900,new,,"{'id': 'TUxBQkNBQjM4MDda', 'name': 'Caballito'}",,,,,,,"{'city': {'id': 'TUxBQkNBQjM4MDda', 'name': 'Caballito'}, 'state': {'id': 'AR-C', 'name': 'Capital Federal'}, 'country': {'id': 'AR', 'name': 'Argentina'}, 'search_location': {'neighborhood': {'id': 'TUxBQkNBQjM4MDda', 'name': 'Caballito'}, 'city': {'id': 'TUxBQ0NBUGZlZG1sYQ', 'name': 'Capital Federal'}, 'state': {'id': 'TUxBUENBUGw3M2E1', 'name': 'Capital Federal'}}, 'id': 1300042238}",,
Samsung Galaxy,Samsung Galaxy S20 Fe 128 Gb Cloud Mint 6 Gb Ram Liberado,398499,new,,{'name': 'Garín'},,,,,,,"{'city': {'name': 'Garín'}, 'state': {'id': 'AR-B', 'name': 'Buenos Aires'}, 'country': {'id': 'AR', 'name': 'Argentina'}, 'search_location': {'neighborhood': {'id': 'TUxBQkdBUjY5ODBa', 'name': 'Garín'}, 'city': {'id': 'TUxBQ0VTQzQ3YTc0', 'name': 'Escobar'}, 'state': {'id': 'TUxBUEdSQWU4ZDkz', 'name': 'Bs.As. G.B.A. Norte'}}, 'id': 1341909664}",,
Samsung Galaxy,Celular Samsung Galaxy A13 Negro 128gb Color Black,459999,new,,"{'id': 'TUxBQkJPRTQ0OTRa', 'name': 'Boedo'}",,,,,,,"{'city': {'id': 'TUxBQkJPRTQ0OTRa', 'name': 'Boedo'}, 'state': {'id': 'AR-C', 'name': 'Capital Federal'}, 'country': {'id': 'AR', 'name': 'Argentina'}, 'search_location': {'neighborhood': {'id': 'TUxBQkJPRTQ0OTRa', 'name': 'Boedo'}, 'city': {'id': 'TUxBQ0NBUGZlZG1sYQ', 'name': 'Capital Federal'}, 'state': {'id': 'TUxBUENBUGw3M2E1', 'name': 'Capital Federal'}}, 'id': 938268022}",,
Samsung Galaxy,Celular Samsung Galaxy A23 Pantalla 6.6in 128gb - 5.000 Mah Color Negro,294999,new,,"{'id': 'TUxBQ1RBRjFlMTNk', 'name': 'Tafí Viejo'}",,,,,,,"{'city': {'id': 'TUxBQ1RBRjFlMTNk', 'name': 'Tafí Viejo'}, 'state': {'id': 'AR-T', 'name': 'Tucumán'}, 'country': {'id': 'AR', 'name': 'Argentina'}, 'search_location': {'city': {'id': 'TUxBQ1RBRjFlMTNk', 'name': 'Tafí Viejo'}, 'state': {'id': 'TUxBUFRVQ244NmM3', 'name': 'Tucumán'}}, 'id': 284981633}",,
Samsung Galaxy,Samsung Galaxy A04s Dual Sim 128 Gb  Blanco 4 Gb Ram,314999,new,,{'name': 'Garin'},,,,,,,"{'city': {'name': 'Garin'}, 'state': {'id': 'AR-B', 'name': 'Buenos Aires'}, 'country': {'id': 'AR', 'name': 'Argentina'}, 'search_location': {'neighborhood': {'id': 'TUxBQkdBUjY5ODBa', 'name': 'Garín'}, 'city': {'id': 'TUxBQ0VTQzQ3YTc0', 'name': 'Escobar'}, 'state': {'id': 'TUxBUEdSQWU4ZDkz', 'name': 'Bs.As. G.B.A. Norte'}}, 'id': 1189654959}",,
Samsung Galaxy,Samsung Galaxy A04e 64gb 3gb Light Blue,199679,new,,"{'id': 'TUxBQlBBUjYwMzZa', 'name': 'Parque Patricios'}",,,,,,,"{'city': {'id': 'TUxBQlBBUjYwMzZa', 'name': 'Parque Patricios'}, 'state': {'id': 'AR-C', 'name': 'Capital Federal'}, 'country': {'id': 'AR', 'name': 'Argentina'}, 'search_location': {'neighborhood': {'id': 'TUxBQlBBUjYwMzZa', 'name': 'Parque Patricios'}, 'city': {'id': 'TUxBQ0NBUGZlZG1sYQ', 'name': 'Capital Federal'}, 'state': {'id': 'TUxBUENBUGw3M2E1', 'name': 'Capital Federal'}}, 'id': 1197964207}",,
Samsung Galaxy,Samsung Galaxy S10 128 Gb Negro Prisma 8 Gb Ram,263499,new,,"{'id': 'TUxBQkJBUjM0MDha', 'name': 'Barracas'}",,,,,,,"{'city': {'id': 'TUxBQkJBUjM0MDha', 'name': 'Barracas'}, 'state': {'id': 'AR-C', 'name': 'Capital Federal'}, 'country': {'id': 'AR', 'name': 'Argentina'}, 'search_location': {'neighborhood': {'id': 'TUxBQkJBUjM0MDha', 'name': 'Barracas'}, 'city': {'id': 'TUxBQ0NBUGZlZG1sYQ', 'name': 'Capital Federal'}, 'state': {'id': 'TUxBUENBUGw3M2E1', 'name': 'Capital Federal'}}, 'id': 1226080832}",,
Samsung Galaxy,Samsung Galaxy A14 (mediatek) 5g 128 Gb  Black 4 Gb Ram,299999,new,,"{'id': 'TUxBQ1ZJQ2E3MTQz', 'name': 'Vicente López'}",,,,,,,"{'city': {'id': 'TUxBQ1ZJQ2E3MTQz', 'name': 'Vicente López'}, 'state': {'id': 'AR-B', 'name': 'Buenos Aires'}, 'country': {'id': 'AR', 'name': 'Argentina'}, 'search_location': {'neighborhood': {'id': 'TUxBQlZJQzc2NTJa', 'name': 'Vicente López'}, 'city': {'id': 'TUxBQ1ZJQ2E3MTQz', 'name': 'Vicente López'}, 'state': {'id': 'TUxBUEdSQWU4ZDkz', 'name': 'Bs.As. G.B.A. Norte'}}, 'id': 1255682711}",,
Samsung Galaxy,Celular Samsung Galaxy A12 64gb + 4gb Ram 4g Lte Liberado Color Azul,276999,new,,{'name': 'San Nicolas'},,,,,,,"{'city': {'name': 'San Nicolas'}, 'state': {'id': 'AR-C', 'name': 'Capital Federal'}, 'country': {'id': 'AR', 'name': 'Argentina'}, 'search_location': {'neighborhood': {'id': 'TUxBQlNBTjgzMjRa', 'name': 'San Nicolás'}, 'city': {'id': 'TUxBQ0NBUGZlZG1sYQ', 'name': 'Capital Federal'}, 'state': {'id': 'TUxBUENBUGw3M2E1', 'name': 'Capital Federal'}}, 'id': 190564990}",,
Samsung Galaxy,Samsung Galaxy S10e 128 Gb Prism Black 6 Gb Ram Liberado,184299,new,,{'name': 'Garín'},,,,,,,"{'city': {'name': 'Garín'}, 'state': {'id': 'AR-B', 'name': 'Buenos Aires'}, 'country': {'id': 'AR', 'name': 'Argentina'}, 'search_location': {'neighborhood': {'id': 'TUxBQkdBUjY5ODBa', 'name': 'Garín'}, 'city': {'id': 'TUxBQ0VTQzQ3YTc0', 'name': 'Escobar'}, 'state': {'id': 'TUxBUEdSQWU4ZDkz', 'name': 'Bs.As. G.B.A. Norte'}}, 'id': 1341909664}",,
Samsung Galaxy,Samsung Galaxy S22 Plus 8gb 256gb Blanco,1149999,new,,{'name': 'Garin'},,,,,,,"{'city': {'name': 'Garin'}, 'state': {'id': 'AR-B', 'name': 'Buenos Aires'}, 'country': {'id': 'AR', 'name': 'Argentina'}, 'search_location': {'neighborhood': {'id': 'TUxBQkdBUjY5ODBa', 'name': 'Garín'}, 'city': {'id': 'TUxBQ0VTQzQ3YTc0', 'name': 'Escobar'}, 'state': {'id': 'TUxBUEdSQWU4ZDkz', 'name': 'Bs.As. G.B.A. Norte'}}, 'id': 1189654959}",,
Samsung Galaxy,Celular Samsung Galaxy S22 Ultra 5g 256gb + 12gb Ram Negro,1399999,new,,{'name': 'Garin'},,,,,,,"{'city': {'name': 'Garin'}, 'state': {'id': 'AR-B', 'name': 'Buenos Aires'}, 'country': {'id': 'AR', 'name': 'Argentina'}, 'search_location': {'neighborhood': {'id': 'TUxBQkdBUjY5ODBa', 'name': 'Garín'}, 'city': {'id': 'TUxBQ0VTQzQ3YTc0', 'name': 'Escobar'}, 'state': {'id': 'TUxBUEdSQWU4ZDkz', 'name': 'Bs.As. G.B.A. Norte'}}, 'id': 1189654959}",,
Samsung Galaxy,Samsung Galaxy S21 Fe Gris Oscuro 5g 128 Gb 6 Gb,846999,new,,{'name': 'C.A.B.A'},,,,,,,"{'city': {'name': 'C.A.B.A'}, 'state': {'id': 'AR-C', 'name': 'Capital Federal'}, 'country': {'id': 'AR', 'name': 'Argentina'}, 'search_location': {'neighborhood': {'id': 'TUxBQlBBTDI1MTVa', 'name': 'Palermo'}, 'city': {'id': 'TUxBQ0NBUGZlZG1sYQ', 'name': 'Capital Federal'}, 'state': {'id': 'TUxBUENBUGw3M2E1', 'name': 'Capital Federal'}}, 'id': 111080531}",,
Samsung Galaxy,Samsung Galaxy S23 Ultra 512gb 12 Gb Ram Green,1699000,new,,"{'id': 'TUxBQlNBTjgxMzNa', 'name': 'San Telmo'}",,,,,,,"{'city': {'id': 'TUxBQlNBTjgxMzNa', 'name': 'San Telmo'}, 'state': {'id': 'AR-C', 'name': 'Capital Federal'}, 'country': {'id': 'AR', 'name': 'Argentina'}, 'search_location': {'neighborhood': {'id': 'TUxBQlNBTjgxMzNa', 'name': 'San Telmo'}, 'city': {'id': 'TUxBQ0NBUGZlZG1sYQ', 'name': 'Capital Federal'}, 'state': {'id': 'TUxBUENBUGw3M2E1', 'name': 'Capital Federal'}}, 'id': 1294447432}",,
Samsung Galaxy,Samsung Galaxy A22 5g 5g 128 Gb  Gray 4 Gb Ram,399999,new,,{'name': 'Sastre'},,,,,,,"{'city': {'name': 'Sastre'}, 'state': {'id': 'AR-S', 'name': 'Santa Fe'}, 'country': {'id': 'AR', 'name': 'Argentina'}, 'search_location': {'neighborhood': {'id': 'TUxBQlNBUzUwMjla', 'name': 'Sastre'}, 'city': {'id': 'TUxBQ1NBTjhmYzFk', 'name': 'San Martín'}, 'state': {'id': 'TUxBUFNBTmU5Nzk2', 'name': 'Santa Fe'}}, 'id': 1347451893}",,
Samsung Galaxy,Samsung Galaxy Z Flip4 5g 5g 128 Gb  Graphite 8 Gb Ram,699999,new,,{'name': 'Garin'},,,,,,,"{'city': {'name': 'Garin'}, 'state': {'id': 'AR-B', 'name': 'Buenos Aires'}, 'country': {'id': 'AR', 'name': 'Argentina'}, 'search_location': {'neighborhood': {'id': 'TUxBQkdBUjY5ODBa', 'name': 'Garín'}, 'city': {'id': 'TUxBQ0VTQzQ3YTc0', 'name': 'Escobar'}, 'state': {'id': 'TUxBUEdSQWU4ZDkz', 'name': 'Bs.As. G.B.A. Norte'}}, 'id': 1189654959}",,
Samsung Galaxy,Samsung Galaxy A15 5g 5g Dual Sim 128 Gb  Azul Oscuro 6 Gb Ram,389999,new,,"{'id': 'TUxBQ0NBUGNiZGQx', 'name': 'Córdoba'}",,,,,,,"{'city': {'id': 'TUxBQ0NBUGNiZGQx', 'name': 'Córdoba'}, 'state': {'id': 'AR-X', 'name': 'Córdoba'}, 'country': {'id': 'AR', 'name': 'Argentina'}, 'search_location': {'city': {'id': 'TUxBQ0NBUGNiZGQx', 'name': 'Córdoba'}, 'state': {'id': 'TUxBUENPUmFkZGIw', 'name': 'Córdoba'}}, 'id': 1286964023}",,
Samsung Galaxy,Samsung Galaxy Note10 Plus 256gb Aura Blue 12gb Ram Liberado,447799,new,,{'name': 'Garín'},,,,,,,"{'city': {'name': 'Garín'}, 'state': {'id': 'AR-B', 'name': 'Buenos Aires'}, 'country': {'id': 'AR', 'name': 'Argentina'}, 'search_location': {'neighborhood': {'id': 'TUxBQkdBUjY5ODBa', 'name': 'Garín'}, 'city': {'id': 'TUxBQ0VTQzQ3YTc0', 'name': 'Escobar'}, 'state': {'id': 'TUxBUEdSQWU4ZDkz', 'name': 'Bs.As. G.B.A. Norte'}}, 'id': 1341909664}",,
Samsung Galaxy,Samsung Galaxy M23 5g 5g 128 Gb  Light Blue 4 Gb Ram,416917,new,,"{'id': 'TUxBQ0lUVTNjNDFm', 'name': 'Ituzaingó'}",,,,,,,"{'city': {'id': 'TUxBQ0lUVTNjNDFm', 'name': 'Ituzaingó'}, 'state': {'id': 'AR-B', 'name': 'Buenos Aires'}, 'country': {'id': 'AR', 'name': 'Argentina'}, 'search_location': {'city': {'id': 'TUxBQ0lUVTNjNDFm', 'name': 'Ituzaingó'}, 'state': {'id': 'TUxBUEdSQWVmNTVm', 'name': 'Bs.As. G.B.A. Oeste'}}, 'id': 1250783451}",,
Samsung Galaxy,Samsung Galaxy A11 64gb Black Liberado ,127399,new,,{'name': 'Garín'},,,,,,,"{'city': {'name': 'Garín'}, 'state': {'id': 'AR-B', 'name': 'Buenos Aires'}, 'country': {'id': 'AR', 'name': 'Argentina'}, 'search_location': {'neighborhood': {'id': 'TUxBQkdBUjY5ODBa', 'name': 'Garín'}, 'city': {'id': 'TUxBQ0VTQzQ3YTc0', 'name': 'Escobar'}, 'state': {'id': 'TUxBUEdSQWU4ZDkz', 'name': 'Bs.As. G.B.A. Norte'}}, 'id': 1341909664}",,
Samsung Galaxy,Samsung Libre Galaxy A31 128gb 4gb Ram Azul,340000,new,,{'name': 'San Nicolás de Los Arroyos'},,,,,,,"{'city': {'name': 'San Nicolás de Los Arroyos'}, 'state': {'id': 'AR-B', 'name': 'Buenos Aires'}, 'country': {'id': 'AR', 'name': 'Argentina'}, 'search_location': {'neighborhood': {'id': 'TUxBQlNBTjQ5MjRa', 'name': 'San Nicolás de los Arroyos'}, 'city': {'id': 'TUxBQ1NBTjk0NDE', 'name': 'San Nicolás'}, 'state': {'id': 'TUxBUFpPTmFpbnRl', 'name': 'Buenos Aires Interior'}}, 'id': 176312696}",,
Samsung Galaxy,Celular Samsung Galaxy A02 32 Gb Black 3 Gb Ram Liberado,117699,new,,{'name': 'Garín'},,,,,,,"{'city': {'name': 'Garín'}, 'state': {'id': 'AR-B', 'name': 'Buenos Aires'}, 'country': {'id': 'AR', 'name': 'Argentina'}, 'search_location': {'neighborhood': {'id': 'TUxBQkdBUjY5ODBa', 'name': 'Garín'}, 'city': {'id': 'TUxBQ0VTQzQ3YTc0', 'name': 'Escobar'}, 'state': {'id': 'TUxBUEdSQWU4ZDkz', 'name': 'Bs.As. G.B.A. Norte'}}, 'id': 1341909664}",,
Samsung Galaxy,Samsung Galaxy S10e 128 Gb  Prism Blue 6 Gb Ram,164999,new,,"{'id': 'TUxBQkJBUjM0MDha', 'name': 'Barracas'}",,,,,,,"{'city': {'id': 'TUxBQkJBUjM0MDha', 'name': 'Barracas'}, 'state': {'id': 'AR-C', 'name': 'Capital Federal'}, 'country': {'id': 'AR', 'name': 'Argentina'}, 'search_location': {'neighborhood': {'id': 'TUxBQkJBUjM0MDha', 'name': 'Barracas'}, 'city': {'id': 'TUxBQ0NBUGZlZG1sYQ', 'name': 'Capital Federal'}, 'state': {'id': 'TUxBUENBUGw3M2E1', 'name': 'Capital Federal'}}, 'id': 1226080832}",,
Samsung Galaxy,Samsung Galaxy A05 Dual Sim 128 Gb  Negro 4 Gb Ram,205000,new,,"{'id': 'TUxBQ0NBUDNhM2Jh', 'name': 'Posadas'}",,,,,,,"{'city': {'id': 'TUxBQ0NBUDNhM2Jh', 'name': 'Posadas'}, 'state': {'id': 'AR-N', 'name': 'Misiones'}, 'country': {'id': 'AR', 'name': 'Argentina'}, 'search_location': {'city': {'id': 'TUxBQ0NBUDNhM2Jh', 'name': 'Posadas'}, 'state': {'id': 'TUxBUE1JU3MzNjIx', 'name': 'Misiones'}}, 'id': 194196683}",,
Samsung Galaxy,Celular Samsung Galaxy A03 128gb Negro,293998.8,new,,"{'id': 'TUxBQk1PTjUxOTJa', 'name': 'Monserrat'}",,,,,,,"{'city': {'id': 'TUxBQk1PTjUxOTJa', 'name': 'Monserrat'}, 'state': {'id': 'AR-C', 'name': 'Capital Federal'}, 'country': {'id': 'AR', 'name': 'Argentina'}, 'search_location': {'neighborhood': {'id': 'TUxBQk1PTjUxOTJa', 'name': 'Monserrat'}, 'city': {'id': 'TUxBQ0NBUGZlZG1sYQ', 'name': 'Capital Federal'}, 'state': {'id': 'TUxBUENBUGw3M2E1', 'name': 'Capital Federal'}}, 'id': 1237583234}",,
Samsung Galaxy,Samsung Galaxy A04e 3+32gb Light Blue,204999,new,,"{'id': 'TUxBQ0NBUGNiZGQx', 'name': 'Córdoba'}",,,,,,,"{'city': {'id': 'TUxBQ0NBUGNiZGQx', 'name': 'Córdoba'}, 'state': {'id': 'AR-X', 'name': 'Córdoba'}, 'country': {'id': 'AR', 'name': 'Argentina'}, 'search_location': {'city': {'id': 'TUxBQ0NBUGNiZGQx', 'name': 'Córdoba'}, 'state': {'id': 'TUxBUENPUmFkZGIw', 'name': 'Córdoba'}}, 'id': 1130654200}",,
Samsung Galaxy,Samsung Galaxy A15 4g Dual Sim 128 Gb  Azul Oscuro 4 Gb Ram,269000,new,,"{'id': 'TUxBQ0NBUDNhM2Jh', 'name': 'Posadas'}",,,,,,,"{'city': {'id': 'TUxBQ0NBUDNhM2Jh', 'name': 'Posadas'}, 'state': {'id': 'AR-N', 'name': 'Misiones'}, 'country': {'id': 'AR', 'name': 'Argentina'}, 'search_location': {'city': {'id': 'TUxBQ0NBUDNhM2Jh', 'name': 'Posadas'}, 'state': {'id': 'TUxBUE1JU3MzNjIx', 'name': 'Misiones'}}, 'id': 194196683}",,
Google Pixel,Google Pixel 8 Pro Dual Sim 128 Gb  Negro 12 Gb Ram,1600000,new,,"{'id': 'TUxBQlZJTDQyMjBa', 'name': 'Villa Crespo'}",,,,,,,"{'city': {'id': 'TUxBQlZJTDQyMjBa', 'name': 'Villa Crespo'}, 'state': {'id': 'AR-C', 'name': 'Capital Federal'}, 'country': {'id': 'AR', 'name': 'Argentina'}, 'search_location': {'neighborhood': {'id': 'TUxBQlZJTDQyMjBa', 'name': 'Villa Crespo'}, 'city': {'id': 'TUxBQ0NBUGZlZG1sYQ', 'name': 'Capital Federal'}, 'state': {'id': 'TUxBUENBUGw3M2E1', 'name': 'Capital Federal'}}, 'id': 1278777213}",,
Google Pixel,Google Pixel 8 128 Gb  Obsidiana 8 Gb Ram,1100000,new,,"{'id': 'TUxBQlZJTDQyMjBa', 'name': 'Villa Crespo'}",,,,,,,"{'city': {'id': 'TUxBQlZJTDQyMjBa', 'name': 'Villa Crespo'}, 'state': {'id': 'AR-C', 'name': 'Capital Federal'}, 'country': {'id': 'AR', 'name': 'Argentina'}, 'search_location': {'neighborhood': {'id': 'TUxBQlZJTDQyMjBa', 'name': 'Villa Crespo'}, 'city': {'id': 'TUxBQ0NBUGZlZG1sYQ', 'name': 'Capital Federal'}, 'state': {'id': 'TUxBUENBUGw3M2E1', 'name': 'Capital Federal'}}, 'id': 1278777213}",,
Google Pixel,Google Pixel 6 128 Gb  Kinda Coral 8 Gb Ram,1499999,new,,"{'id': 'TUxBQ0lUVTNjNDFm', 'name': 'Ituzaingó'}",,,,,,,"{'city': {'id': 'TUxBQ0lUVTNjNDFm', 'name': 'Ituzaingó'}, 'state': {'id': 'AR-B', 'name': 'Buenos Aires'}, 'country': {'id': 'AR', 'name': 'Argentina'}, 'search_location': {'city': {'id': 'TUxBQ0lUVTNjNDFm', 'name': 'Ituzaingó'}, 'state': {'id': 'TUxBUEdSQWVmNTVm', 'name': 'Bs.As. G.B.A. Oeste'}}, 'id': 1250783451}",,
Google Pixel,Pixel 7 Pro,799000,new,,{'name': 'Martínez'},,,,,,,"{'city': {'name': 'Martínez'}, 'state': {'id': 'AR-B', 'name': 'Buenos Aires'}, 'country': {'id': 'AR', 'name': 'Argentina'}, 'search_location': {'neighborhood': {'id': 'TUxBQk1BUjExNDJa', 'name': 'Martínez'}, 'city': {'id': 'TUxBQ1NBTjg4ZmJk', 'name': 'San Isidro'}, 'state': {'id': 'TUxBUEdSQWU4ZDkz', 'name': 'Bs.As. G.B.A. Norte'}}, 'id': 151597797}",,
Google Pixel,Google Pixel 6a 128gb 8gb Ram Blanco,999000,new,,{'name': 'Capital Federal'},,,,,,,"{'city': {'name': 'Capital Federal'}, 'state': {'id': 'AR-C', 'name': 'Capital Federal'}, 'country': {'id': 'AR', 'name': 'Argentina'}, 'search_location': {'city': {'id': 'TUxBQ0NBUGZlZG1sYQ', 'name': 'Capital Federal'}, 'state': {'id': 'TUxBUENBUGw3M2E1', 'name': 'Capital Federal'}}, 'id': 155065679}",,
Google Pixel,Google Pixel 7 Pro 256gb 12gb Ram Nuevo,990000,new,,{'name': 'Capital Federal - Belgrano'},,,,,,,"{'city': {'name': 'Capital Federal - Belgrano'}, 'state': {'id': 'AR-C', 'name': 'Capital Federal'}, 'country': {'id': 'AR', 'name': 'Argentina'}, 'search_location': {'city': {'id': 'TUxBQ0NBUGZlZG1sYQ', 'name': 'Capital Federal'}, 'state': {'id': 'TUxBUENBUGw3M2E1', 'name': 'Capital Federal'}}, 'id': 103461810}",,
Google Pixel,Google Pixel 6 Pro 128 Gb 12 Gb Ram(+cargador Original),650000,used,,{'name': 'Capital federal'},,,,,,,"{'city': {'name': 'Capital federal'}, 'state': {'id': 'AR-C', 'name': 'Capital Federal'}, 'country': {'id': 'AR', 'name': 'Argentina'}, 'search_location': {'city': {'id': 'TUxBQ0NBUGZlZG1sYQ', 'name': 'Capital Federal'}, 'state': {'id': 'TUxBUENBUGw3M2E1', 'name': 'Capital Federal'}}, 'id': 164072225}",,
Google Pixel,Google Pixel 7a - Impecable - Consultar Por Envíos ,425000,used,,{'name': 'ManuelB.Gonnet'},,,,,,,"{'city': {'name': 'ManuelB.Gonnet'}, 'state': {'id': 'AR-B', 'name': 'Buenos Aires'}, 'country': {'id': 'AR', 'name': 'Argentina'}, 'search_location': {'neighborhood': {'id': 'TUxBQk1BTjY4NzFa', 'name': 'Manuel B. Gonnet'}, 'city': {'id': 'TUxBQzlERTU5MTA', 'name': '9 de Julio'}, 'state': {'id': 'TUxBUFpPTmFpbnRl', 'name': 'Buenos Aires Interior'}}, 'id': 159772938}",,
Google Pixel,Google Pixel 8 Pro 256gb Azul ,1140000,used,,"{'id': 'TUxBQ1NBTm1pZ3VlbA', 'name': 'San Miguel'}",,,,,,,"{'city': {'id': 'TUxBQ1NBTm1pZ3VlbA', 'name': 'San Miguel'}, 'state': {'id': 'AR-B', 'name': 'Buenos Aires'}, 'country': {'id': 'AR', 'name': 'Argentina'}, 'search_location': {'city': {'id': 'TUxBQ1NBTm1pZ3VlbA', 'name': 'San Miguel'}, 'state': {'id': 'TUxBUEdSQWU4ZDkz', 'name': 'Bs.As. G.B.A. Norte'}}, 'id': 101598076}",,
Google Pixel,Google Pixel 4a 128 Gb Just Black 6 Gb Ram Excelente Estado,390000,used,,"{'id': 'TUxBQlBBTDI1MTVa', 'name': 'Palermo'}",,,,,,,"{'city': {'id': 'TUxBQlBBTDI1MTVa', 'name': 'Palermo'}, 'state': {'id': 'AR-C', 'name': 'Capital Federal'}, 'country': {'id': 'AR', 'name': 'Argentina'}, 'search_location': {'neighborhood': {'id': 'TUxBQlBBTDI1MTVa', 'name': 'Palermo'}, 'city': {'id': 'TUxBQ0NBUGZlZG1sYQ', 'name': 'Capital Federal'}, 'state': {'id': 'TUxBUENBUGw3M2E1', 'name': 'Capital Federal'}}, 'id': 1205876172}",,
Google Pixel,"Google Pixel 3a 64 Gb  Leer Descripcion, Consultar Descuento",85000,used,,{'name': 'DIAMANTE - LIBERTADOR SAN MARTIN'},,,,,,,"{'city': {'name': 'DIAMANTE - LIBERTADOR SAN MARTIN'}, 'state': {'id': 'AR-E', 'name': 'Entre Ríos'}, 'country': {'id': 'AR', 'name': 'Argentina'}, 'search_location': {'state': {'id': 'TUxBUEVOVHMzNTdm', 'name': 'Entre Ríos'}}, 'id': 1001799910}",,
Google Pixel,Google Pixel 3 64gb,190000,used,,{'name': 'Villa Urquiza'},,,,,,,"{'city': {'name': 'Villa Urquiza'}, 'state': {'id': 'AR-C', 'name': 'Capital Federal'}, 'country': {'id': 'AR', 'name': 'Argentina'}, 'search_location': {'neighborhood': {'id': 'TUxBQlZJTDcwOTla', 'name': 'Villa Urquiza'}, 'city': {'id': 'TUxBQ0NBUGZlZG1sYQ', 'name': 'Capital Federal'}, 'state': {'id': 'TUxBUENBUGw3M2E1', 'name': 'Capital Federal'}}, 'id': 72028746}",,
Google Pixel,Google Pixel 4 Xl,321000,used,,{'name': 'Martínez'},,,,,,,"{'city': {'name': 'Martínez'}, 'state': {'id': 'AR-B', 'name': 'Buenos Aires'}, 'country': {'id': 'AR', 'name': 'Argentina'}, 'search_location': {'neighborhood': {'id': 'TUxBQk1BUjExNDJa', 'name': 'Martínez'}, 'city': {'id': 'TUxBQ1NBTjg4ZmJk', 'name': 'San Isidro'}, 'state': {'id': 'TUxBUEdSQWU4ZDkz', 'name': 'Bs.As. G.B.A. Norte'}}, 'id': 60475609}",,
Google Pixel,Celular Google Pixel 3a 64gb Liberado,80000,used,,{'name': 'Gregorio de Laferrere'},,,,,,,"{'city': {'name': 'Gregorio de Laferrere'}, 'state': {'id': 'AR-B', 'name': 'Buenos Aires'}, 'country': {'id': 'AR', 'name': 'Argentina'}, 'search_location': {'neighborhood': {'id': 'TUxBQkdSRTEzMjJa', 'name': 'Gregorio de Laferrere'}, 'city': {'id': 'TUxBQ0xBTWF0YW56', 'name': 'La Matanza'}, 'state': {'id': 'TUxBUEdSQWVmNTVm', 'name': 'Bs.As. G.B.A. Oeste'}}, 'id': 859340537}",,
Google Pixel,Celular Google Pixel 7a,650000,used,,"{'id': 'TUxBQ0NBUDNhM2Jh', 'name': 'Posadas'}",,,,,,,"{'city': {'id': 'TUxBQ0NBUDNhM2Jh', 'name': 'Posadas'}, 'state': {'id': 'AR-N', 'name': 'Misiones'}, 'country': {'id': 'AR', 'name': 'Argentina'}, 'search_location': {'city': {'id': 'TUxBQ0NBUDNhM2Jh', 'name': 'Posadas'}, 'state': {'id': 'TUxBUE1JU3MzNjIx', 'name': 'Misiones'}}, 'id': 235358138}",,
Google Pixel,Google Pixel 7 128gb ,700000,used,,{'name': 'Rodeo'},,,,,,,"{'city': {'name': 'Rodeo'}, 'state': {'id': 'AR-J', 'name': 'San Juan'}, 'country': {'id': 'AR', 'name': 'Argentina'}, 'search_location': {'state': {'id': 'TUxBUFNBTm5lYjU4', 'name': 'San Juan'}}, 'id': 1071403646}",,
Google Pixel,"Google Pixel 6a, 9 Meses De Uso, 128 Gb",550000,used,,"{'id': 'TUxBQ01BUjU2MGMw', 'name': 'Mar del Plata'}",,,,,,,"{'city': {'id': 'TUxBQ01BUjU2MGMw', 'name': 'Mar del Plata'}, 'state': {'id': 'AR-B', 'name': 'Buenos Aires'}, 'country': {'id': 'AR', 'name': 'Argentina'}, 'search_location': {'city': {'id': 'TUxBQ01BUjU2MGMw', 'name': 'Mar del Plata'}, 'state': {'id': 'TUxBUENPU2ExMmFkMw', 'name': 'Bs.As. Costa Atlántica'}}, 'id': 1315645731}",,
Google Pixel,Google Pixel 6 128gb  Kinda Coral Impecable!-caja Y Cargador,639999,used,,"{'id': 'TUxBQ1NBTmIwNDdm', 'name': 'Santiago del Estero'}",,,,,,,"{'city': {'id': 'TUxBQ1NBTmIwNDdm', 'name': 'Santiago del Estero'}, 'state': {'id': 'AR-G', 'name': 'Santiago del Estero'}, 'country': {'id': 'AR', 'name': 'Argentina'}, 'search_location': {'neighborhood': {'id': 'TUxBQkNFTjY2MzBa', 'name': 'Centro'}, 'city': {'id': 'TUxBQ1NBTmIwNDdm', 'name': 'Santiago del Estero'}, 'state': {'id': 'TUxBUFNBTm9lOTlk', 'name': 'Santiago del Estero'}}, 'id': 129282831}",,
Google Pixel,Google Pixel 6 Pro 128gb 12gb Ram Sunny Sorta ,690000,used,,"{'id': 'TUxBQlZJTDI3MDJa', 'name': 'Villa Luro'}",,,,,,,"{'city': {'id': 'TUxBQlZJTDI3MDJa', 'name': 'Villa Luro'}, 'state': {'id': 'AR-C', 'name': 'Capital Federal'}, 'country': {'id': 'AR', 'name': 'Argentina'}, 'search_location': {'neighborhood': {'id': 'TUxBQkxJTjEzNTha', 'name': 'Liniers'}, 'city': {'id': 'TUxBQ0NBUGZlZG1sYQ', 'name': 'Capital Federal'}, 'state': {'id': 'TUxBUENBUGw3M2E1', 'name': 'Capital Federal'}}, 'id': 65407192}",,
Google Pixel,Google Pixel 7a Pro,880000,used,,"{'id': 'TUxBQlJFQzkyMTVa', 'name': 'Recoleta'}",,,,,,,"{'city': {'id': 'TUxBQlJFQzkyMTVa', 'name': 'Recoleta'}, 'state': {'id': 'AR-C', 'name': 'Capital Federal'}, 'country': {'id': 'AR', 'name': 'Argentina'}, 'search_location': {'neighborhood': {'id': 'TUxBQlJFQzkyMTVa', 'name': 'Recoleta'}, 'city': {'id': 'TUxBQ0NBUGZlZG1sYQ', 'name': 'Capital Federal'}, 'state': {'id': 'TUxBUENBUGw3M2E1', 'name': 'Capital Federal'}}, 'id': 1105510253}",,
Google Pixel,Google Pixel 7 128gb/8gb (obsidiana) Usado Con Accesorios,700000,used,,"{'id': 'TUxBQ0lUVTNjNDFm', 'name': 'Ituzaingó'}",,,,,,,"{'city': {'id': 'TUxBQ0lUVTNjNDFm', 'name': 'Ituzaingó'}, 'state': {'id': 'AR-B', 'name': 'Buenos Aires'}, 'country': {'id': 'AR', 'name': 'Argentina'}, 'search_location': {'neighborhood': {'id': 'TUxBQlBBUjgxMDQ0MQ', 'name': 'Parque Leloir'}, 'city': {'id': 'TUxBQ0lUVTNjNDFm', 'name': 'Ituzaingó'}, 'state': {'id': 'TUxBUEdSQWVmNTVm', 'name': 'Bs.As. G.B.A. Oeste'}}, 'id': 1031759886}",,
Google Pixel,Google Pixel 4a 128 Gb 6gb Ram (no Funciona La Pantalla),45000,used,,"{'id': 'TUxBQkFMTTMwNTBa', 'name': 'Almagro'}",,,,,,,"{'city': {'id': 'TUxBQkFMTTMwNTBa', 'name': 'Almagro'}, 'state': {'id': 'AR-C', 'name': 'Capital Federal'}, 'country': {'id': 'AR', 'name': 'Argentina'}, 'search_location': {'neighborhood': {'id': 'TUxBQkFMTTMwNTBa', 'name': 'Almagro'}, 'city': {'id': 'TUxBQ0NBUGZlZG1sYQ', 'name': 'Capital Federal'}, 'state': {'id': 'TUxBUENBUGw3M2E1', 'name': 'Capital Federal'}}, 'id': 1258734189}",,
Google Pixel,Celular Google Pixel 3a Repuesto,80000,used,,{'name': 'Gregorio de Laferrere'},,,,,,,"{'city': {'name': 'Gregorio de Laferrere'}, 'state': {'id': 'AR-B', 'name': 'Buenos Aires'}, 'country': {'id': 'AR', 'name': 'Argentina'}, 'search_location': {'neighborhood': {'id': 'TUxBQkdSRTEzMjJa', 'name': 'Gregorio de Laferrere'}, 'city': {'id': 'TUxBQ0xBTWF0YW56', 'name': 'La Matanza'}, 'state': {'id': 'TUxBUEdSQWVmNTVm', 'name': 'Bs.As. G.B.A. Oeste'}}, 'id': 859340537}",,
Google Pixel,Vendo O Permuto Google Pixel 8 Pro Nuevo Libre ,1300000,used,,{'name': 'Florencio Varela'},,,,,,,"{'city': {'name': 'Florencio Varela'}, 'state': {'id': 'AR-B', 'name': 'Buenos Aires'}, 'country': {'id': 'AR', 'name': 'Argentina'}, 'search_location': {'city': {'id': 'TUxBQ0ZMTzYyNTZl', 'name': 'Florencio Varela'}, 'state': {'id': 'TUxBUEdSQXJlMDNm', 'name': 'Bs.As. G.B.A. Sur'}}, 'id': 984994702}",,
Google Pixel,Google Pixel 3a En Perfectas Condiciones. Leer Descripción!!,80000,used,,"{'id': 'TUxBQ0lUVTMwYmI2', 'name': 'Ituzaingó'}",,,,,,,"{'city': {'id': 'TUxBQ0lUVTMwYmI2', 'name': 'Ituzaingó'}, 'state': {'id': 'AR-W', 'name': 'Corrientes'}, 'country': {'id': 'AR', 'name': 'Argentina'}, 'search_location': {'city': {'id': 'TUxBQ0lUVTMwYmI2', 'name': 'Ituzaingó'}, 'state': {'id': 'TUxBUENPUnM5MjI0', 'name': 'Corrientes'}}, 'id': 1108691046}",,
Google Pixel,Google Pixel 3a Xl,11111,used,,"{'id': 'TUxBQ0xBTmJjYzE4', 'name': 'Lanús'}",,,,,,,"{'city': {'id': 'TUxBQ0xBTmJjYzE4', 'name': 'Lanús'}, 'state': {'id': 'AR-B', 'name': 'Buenos Aires'}, 'country': {'id': 'AR', 'name': 'Argentina'}, 'search_location': {'city': {'id': 'TUxBQ0xBTmJjYzE4', 'name': 'Lanús'}, 'state': {'id': 'TUxBUEdSQXJlMDNm', 'name': 'Bs.As. G.B.A. Sur'}}, 'id': 681887079}",,
Google Pixel,Celular Google Pixel 4 Xl,290000,used,,{'name': 'El Palomar'},,,,,,,"{'city': {'name': 'El Palomar'}, 'state': {'id': 'AR-B', 'name': 'Buenos Aires'}, 'country': {'id': 'AR', 'name': 'Argentina'}, 'id': 153802715}",,
Google Pixel,Google Pixel 8 ,850000,used,,"{'id': 'TUxBV2lsZGU', 'name': 'Wilde'}",,,,,,,"{'city': {'id': 'TUxBV2lsZGU', 'name': 'Wilde'}, 'state': {'id': 'AR-B', 'name': 'Buenos Aires'}, 'country': {'id': 'AR', 'name': 'Argentina'}, 'id': 1056430581}",,
Google Pixel,Google Pixel 6 8/128 Gb Stormy Black,400000,used,,{'name': 'LOMAS DE ZAMORA (GBA) Ingeniero budge'},,,,,,,"{'city': {'name': 'LOMAS DE ZAMORA (GBA) Ingeniero budge'}, 'state': {'id': 'AR-B', 'name': 'Buenos Aires'}, 'country': {'id': 'AR', 'name': 'Argentina'}, 'id': 1175470820}",,
Google Pixel,Google Pixel 6 Pro 12gb 256gb  I M P E C A B L E !!!,800000,used,,"{'id': 'TUxBQkNPTDI3NDNa', 'name': 'Colegiales'}",,,,,,,"{'city': {'id': 'TUxBQkNPTDI3NDNa', 'name': 'Colegiales'}, 'state': {'id': 'AR-C', 'name': 'Capital Federal'}, 'country': {'id': 'AR', 'name': 'Argentina'}, 'search_location': {'neighborhood': {'id': 'TUxBQkJFTDcyNTJa', 'name': 'Belgrano'}, 'city': {'id': 'TUxBQ0NBUGZlZG1sYQ', 'name': 'Capital Federal'}, 'state': {'id': 'TUxBUENBUGw3M2E1', 'name': 'Capital Federal'}}, 'id': 147091996}",,
Google Pixel,Pixel 7 128gb Usado Lima Libre + Funda + Templado Colocado,499999,used,,"{'id': 'TUxBV2lsZGU', 'name': 'Wilde'}",,,,,,,"{'city': {'id': 'TUxBV2lsZGU', 'name': 'Wilde'}, 'state': {'id': 'AR-B', 'name': 'Buenos Aires'}, 'country': {'id': 'AR', 'name': 'Argentina'}, 'search_location': {'neighborhood': {'id': 'TUxBQldJTDg5NTda', 'name': 'Wilde'}, 'city': {'id': 'TUxBQ0FWRTc5OTQ1', 'name': 'Avellaneda'}, 'state': {'id': 'TUxBUEdSQXJlMDNm', 'name': 'Bs.As. G.B.A. Sur'}}, 'id': 145085609}",,
Google Pixel,Pixel 7 Pro Google,950000,used,,"{'id': 'TUxBQ0xBTWF0YW56', 'name': 'La Matanza'}",,,,,,,"{'city': {'id': 'TUxBQ0xBTWF0YW56', 'name': 'La Matanza'}, 'state': {'id': 'AR-B', 'name': 'Buenos Aires'}, 'country': {'id': 'AR', 'name': 'Argentina'}, 'search_location': {'city': {'id': 'TUxBQ0xBTWF0YW56', 'name': 'La Matanza'}, 'state': {'id': 'TUxBUEdSQWVmNTVm', 'name': 'Bs.As. G.B.A. Oeste'}}, 'id': 1249223426}",,
Google Pixel,Celular Google Pixel 7a,751999,used,,{'name': 'Valle Maria'},,,,,,,"{'city': {'name': 'Valle Maria'}, 'state': {'id': 'AR-E', 'name': 'Entre Ríos'}, 'country': {'id': 'AR', 'name': 'Argentina'}, 'search_location': {'state': {'id': 'TUxBUEVOVHMzNTdm', 'name': 'Entre Ríos'}}, 'id': 100841447}",,
Google Pixel,Google Pixel 3a - Impecable ,179000,used,,{'name': 'ManuelB.Gonnet'},,,,,,,"{'city': {'name': 'ManuelB.Gonnet'}, 'state': {'id': 'AR-B', 'name': 'Buenos Aires'}, 'country': {'id': 'AR', 'name': 'Argentina'}, 'search_location': {'neighborhood': {'id': 'TUxBQk1BTjY4NzFa', 'name': 'Manuel B. Gonnet'}, 'city': {'id': 'TUxBQzlERTU5MTA', 'name': '9 de Julio'}, 'state': {'id': 'TUxBUFpPTmFpbnRl', 'name': 'Buenos Aires Interior'}}, 'id': 159772938}",,
Google Pixel,Google Pixel 4a 128gb En Caja Sin Cable Con Detalle,100000,used,,"{'id': 'TUxBQ1NBTm1pZ3VlbA', 'name': 'San Miguel'}",,,,,,,"{'city': {'id': 'TUxBQ1NBTm1pZ3VlbA', 'name': 'San Miguel'}, 'state': {'id': 'AR-B', 'name': 'Buenos Aires'}, 'country': {'id': 'AR', 'name': 'Argentina'}, 'search_location': {'city': {'id': 'TUxBQ1NBTm1pZ3VlbA', 'name': 'San Miguel'}, 'state': {'id': 'TUxBUEdSQWU4ZDkz', 'name': 'Bs.As. G.B.A. Norte'}}, 'id': 101598076}",,
Google Pixel,Celular Samsung A34 5g ,450000,used,,{'name': 'San Justo'},,,,,,,"{'city': {'name': 'San Justo'}, 'state': {'id': 'AR-B', 'name': 'Buenos Aires'}, 'country': {'id': 'AR', 'name': 'Argentina'}, 'search_location': {'neighborhood': {'id': 'TUxBQlNBTjQ0ODgwMA', 'name': 'San Justo'}, 'city': {'id': 'TUxBQ0xBTWF0YW56', 'name': 'La Matanza'}, 'state': {'id': 'TUxBUEdSQWVmNTVm', 'name': 'Bs.As. G.B.A. Oeste'}}, 'id': 1100796724}",,
Google Pixel,Celular Google Pixel 3 A Xl - No Funciona Sirve P/ Repuestos,40000,used,,{'name': 'San Isidro'},,,,,,,"{'city': {'name': 'San Isidro'}, 'state': {'id': 'AR-B', 'name': 'Buenos Aires'}, 'country': {'id': 'AR', 'name': 'Argentina'}, 'search_location': {'city': {'id': 'TUxBQ1NBTjg4ZmJk', 'name': 'San Isidro'}, 'state': {'id': 'TUxBUEdSQWU4ZDkz', 'name': 'Bs.As. G.B.A. Norte'}}, 'id': 551103990}",,
Google Pixel,Google Pixel 6 8gb/128gb 6.4´´ Dual Sim,649000,used,,"{'id': 'TUxBQkNBQjM4MDda', 'name': 'Caballito'}",,,,,,,"{'city': {'id': 'TUxBQkNBQjM4MDda', 'name': 'Caballito'}, 'state': {'id': 'AR-C', 'name': 'Capital Federal'}, 'country': {'id': 'AR', 'name': 'Argentina'}, 'search_location': {'neighborhood': {'id': 'TUxBQkNBQjM4MDda', 'name': 'Caballito'}, 'city': {'id': 'TUxBQ0NBUGZlZG1sYQ', 'name': 'Capital Federal'}, 'state': {'id': 'TUxBUENBUGw3M2E1', 'name': 'Capital Federal'}}, 'id': 1064851304}",,
Google Pixel,Google Pixel 6 Pro 128gb Cloudy White Excelente En Caja,940000,used,,"{'id': 'TUxBQ1ZJQ2E3MTQz', 'name': 'Vicente López'}",,,,,,,"{'city': {'id': 'TUxBQ1ZJQ2E3MTQz', 'name': 'Vicente López'}, 'state': {'id': 'AR-B', 'name': 'Buenos Aires'}, 'country': {'id': 'AR', 'name': 'Argentina'}, 'search_location': {'city': {'id': 'TUxBQ1ZJQ2E3MTQz', 'name': 'Vicente López'}, 'state': {'id': 'TUxBUEdSQWU4ZDkz', 'name': 'Bs.As. G.B.A. Norte'}}, 'id': 149361255}",,
Google Pixel,Google Pixel 7 5g 128gb Igual A Nuevo Completo En Caja,499999,used,,"{'id': 'TUxBQ1ZJQ2E3MTQz', 'name': 'Vicente López'}",,,,,,,"{'city': {'id': 'TUxBQ1ZJQ2E3MTQz', 'name': 'Vicente López'}, 'state': {'id': 'AR-B', 'name': 'Buenos Aires'}, 'country': {'id': 'AR', 'name': 'Argentina'}, 'search_location': {'city': {'id': 'TUxBQ1ZJQ2E3MTQz', 'name': 'Vicente López'}, 'state': {'id': 'TUxBUEdSQWU4ZDkz', 'name': 'Bs.As. G.B.A. Norte'}}, 'id': 1137155731}",,
Google Pixel,Google Pixel 7 Pro 256 Gb  12 Gb Ram En Caja,850000,used,,"{'id': 'TUxBV2lsZGU', 'name': 'Wilde'}",,,,,,,"{'city': {'id': 'TUxBV2lsZGU', 'name': 'Wilde'}, 'state': {'id': 'AR-B', 'name': 'Buenos Aires'}, 'country': {'id': 'AR', 'name': 'Argentina'}, 'search_location': {'city': {'id': 'TUxBQ0FWRTc5OTQ1', 'name': 'Avellaneda'}, 'state': {'id': 'TUxBUEdSQXJlMDNm', 'name': 'Bs.As. G.B.A. Sur'}}, 'id': 162392028}",,
Google Pixel,Google Pixel 5a,300000,used,,"{'id': 'TUxBQ0NBUGNiZGQx', 'name': 'Córdoba'}",,,,,,,"{'city': {'id': 'TUxBQ0NBUGNiZGQx', 'name': 'Córdoba'}, 'state': {'id': 'AR-X', 'name': 'Córdoba'}, 'country': {'id': 'AR', 'name': 'Argentina'}, 'search_location': {'city': {'id': 'TUxBQ0NBUGNiZGQx', 'name': 'Córdoba'}, 'state': {'id': 'TUxBUENPUmFkZGIw', 'name': 'Córdoba'}}, 'id': 1286994946}",,
Google Pixel,Google Pixel 6 - Excelente Estado,649999,used,,"{'id': 'TUxBQkJBUjM0MDha', 'name': 'Barracas'}",,,,,,,"{'city': {'id': 'TUxBQkJBUjM0MDha', 'name': 'Barracas'}, 'state': {'id': 'AR-C', 'name': 'Capital Federal'}, 'country': {'id': 'AR', 'name': 'Argentina'}, 'search_location': {'neighborhood': {'id': 'TUxBQkJBUjM0MDha', 'name': 'Barracas'}, 'city': {'id': 'TUxBQ0NBUGZlZG1sYQ', 'name': 'Capital Federal'}, 'state': {'id': 'TUxBUENBUGw3M2E1', 'name': 'Capital Federal'}}, 'id': 56305369}",,
Google Pixel,Google Pixel 6 Pro 128gb Cloudy White Excelente En Caja,700000,used,,"{'id': 'TUxBQ1ZJQ2E3MTQz', 'name': 'Vicente López'}",,,,,,,"{'city': {'id': 'TUxBQ1ZJQ2E3MTQz', 'name': 'Vicente López'}, 'state': {'id': 'AR-B', 'name': 'Buenos Aires'}, 'country': {'id': 'AR', 'name': 'Argentina'}, 'search_location': {'city': {'id': 'TUxBQ1ZJQ2E3MTQz', 'name': 'Vicente López'}, 'state': {'id': 'TUxBUEdSQWU4ZDkz', 'name': 'Bs.As. G.B.A. Norte'}}, 'id': 149361255}",,
Google Pixel,Google Pixel 7 5g 128gb 8gb Ram Impecable 10/10 ,460000,used,,"{'id': 'TUxBQ1ZJQ2E3MTQz', 'name': 'Vicente López'}",,,,,,,"{'city': {'id': 'TUxBQ1ZJQ2E3MTQz', 'name': 'Vicente López'}, 'state': {'id': 'AR-B', 'name': 'Buenos Aires'}, 'country': {'id': 'AR', 'name': 'Argentina'}, 'search_location': {'city': {'id': 'TUxBQ1ZJQ2E3MTQz', 'name': 'Vicente López'}, 'state': {'id': 'TUxBUEdSQWU4ZDkz', 'name': 'Bs.As. G.B.A. Norte'}}, 'id': 1137155731}",,
Google Pixel,Celular Google Pixel 7 Pro 12 / 256 ,800000,used,,{'name': 'San Nicolás de Los Arroyos'},,,,,,,"{'city': {'name': 'San Nicolás de Los Arroyos'}, 'state': {'id': 'AR-B', 'name': 'Buenos Aires'}, 'country': {'id': 'AR', 'name': 'Argentina'}, 'search_location': {'neighborhood': {'id': 'TUxBQlNBTjQ5MjRa', 'name': 'San Nicolás de los Arroyos'}, 'city': {'id': 'TUxBQ1NBTjk0NDE', 'name': 'San Nicolás'}, 'state': {'id': 'TUxBUFpPTmFpbnRl', 'name': 'Buenos Aires Interior'}}, 'id': 1263836849}",,
Xiaomi Redmi,Xiaomi Redmi Note 11 4gb Ram 128gb Rom Color Gris Grafito,339999,new,,{'name': 'Villa Celina'},,,,,,,"{'city': {'name': 'Villa Celina'}, 'state': {'id': 'AR-B', 'name': 'Buenos Aires'}, 'country': {'id': 'AR', 'name': 'Argentina'}, 'search_location': {'neighborhood': {'id': 'TVhYVmlsbGEgQ2VsaW5hVFV4QlEweEJUV0YwW', 'name': 'Villa Celina'}, 'city': {'id': 'TUxBQ0xBTWF0YW56', 'name': 'La Matanza'}, 'state': {'id': 'TUxBUEdSQWVmNTVm', 'name': 'Bs.As. G.B.A. Oeste'}}, 'id': 1118245173}",,
Xiaomi Redmi,Xiaomi Redmi 10c Dual Sim 128gb 4gb Ram Ocean Blue,209999,new,,{'name': 'Villa Celina'},,,,,,,"{'city': {'name': 'Villa Celina'}, 'state': {'id': 'AR-B', 'name': 'Buenos Aires'}, 'country': {'id': 'AR', 'name': 'Argentina'}, 'search_location': {'neighborhood': {'id': 'TVhYVmlsbGEgQ2VsaW5hVFV4QlEweEJUV0YwW', 'name': 'Villa Celina'}, 'city': {'id': 'TUxBQ0xBTWF0YW56', 'name': 'La Matanza'}, 'state': {'id': 'TUxBUEdSQWVmNTVm', 'name': 'Bs.As. G.B.A. Oeste'}}, 'id': 1118245173}",,
Xiaomi Redmi,Xiaomi Redmi 12c Dual Sim 128 Gb  Ocean Blue 4 Gb Ram,249999,new,,{'name': 'Villa Celina'},,,,,,,"{'city': {'name': 'Villa Celina'}, 'state': {'id': 'AR-B', 'name': 'Buenos Aires'}, 'country': {'id': 'AR', 'name': 'Argentina'}, 'search_location': {'neighborhood': {'id': 'TVhYVmlsbGEgQ2VsaW5hVFV4QlEweEJUV0YwW', 'name': 'Villa Celina'}, 'city': {'id': 'TUxBQ0xBTWF0YW56', 'name': 'La Matanza'}, 'state': {'id': 'TUxBUEdSQWVmNTVm', 'name': 'Bs.As. G.B.A. Oeste'}}, 'id': 1118245173}",,
Xiaomi Redmi,Xiaomi Redmi 13c Dual Sim 256 Gb  Midnight Black 8 Gb Ram,241999,new,,"{'id': 'TUxBQ1NBTmMyZjY5', 'name': 'San Miguel de Tucumán'}",,,,,,,"{'city': {'id': 'TUxBQ1NBTmMyZjY5', 'name': 'San Miguel de Tucumán'}, 'state': {'id': 'AR-T', 'name': 'Tucumán'}, 'country': {'id': 'AR', 'name': 'Argentina'}, 'search_location': {'city': {'id': 'TUxBQ1NBTmMyZjY5', 'name': 'San Miguel de Tucumán'}, 'state': {'id': 'TUxBUFRVQ244NmM3', 'name': 'Tucumán'}}, 'id': 15188470}",,
Xiaomi Redmi,Xiaomi Redmi 12 Dual Sim 256 Gb  Midnight Black 8 Gb Ram,258999,new,,"{'id': 'TUxBQ1NBTmMyZjY5', 'name': 'San Miguel de Tucumán'}",,,,,,,"{'city': {'id': 'TUxBQ1NBTmMyZjY5', 'name': 'San Miguel de Tucumán'}, 'state': {'id': 'AR-T', 'name': 'Tucumán'}, 'country': {'id': 'AR', 'name': 'Argentina'}, 'search_location': {'city': {'id': 'TUxBQ1NBTmMyZjY5', 'name': 'San Miguel de Tucumán'}, 'state': {'id': 'TUxBUFRVQ244NmM3', 'name': 'Tucumán'}}, 'id': 15188470}",,
Xiaomi Redmi,Xiaomi Redmi 10c Dual Sim 64 Gb  Verde Menta 4 Gb Ram,194999,new,,{'name': 'Garin'},,,,,,,"{'city': {'name': 'Garin'}, 'state': {'id': 'AR-B', 'name': 'Buenos Aires'}, 'country': {'id': 'AR', 'name': 'Argentina'}, 'search_location': {'neighborhood': {'id': 'TUxBQkdBUjY5ODBa', 'name': 'Garín'}, 'city': {'id': 'TUxBQ0VTQzQ3YTc0', 'name': 'Escobar'}, 'state': {'id': 'TUxBUEdSQWU4ZDkz', 'name': 'Bs.As. G.B.A. Norte'}}, 'id': 1189654959}",,
Xiaomi Redmi,Xiaomi Redmi 9a 2gb/32gb Verde Garantia Tienda Oficial Color Verde Majestuoso,144649,new,,"{'id': 'QVItQ1BhcnF1ZSBDaGFz', 'name': 'Parque Chas'}",,,,,,,"{'city': {'id': 'QVItQ1BhcnF1ZSBDaGFz', 'name': 'Parque Chas'}, 'state': {'id': 'AR-C', 'name': 'Capital Federal'}, 'country': {'id': 'AR', 'name': 'Argentina'}, 'search_location': {'neighborhood': {'id': 'TVhYUGFycXVlIENoYXNUVXhCUTBOQlVHWmxaR', 'name': 'Parque Chas'}, 'city': {'id': 'TUxBQ0NBUGZlZG1sYQ', 'name': 'Capital Federal'}, 'state': {'id': 'TUxBUENBUGw3M2E1', 'name': 'Capital Federal'}}, 'id': 1013769554}",,
Xiaomi Redmi,Xiaomi Redmi 9c Dual Sim 128 Gb  Púrpura Lavanda 4 Gb Ram,210599,new,,"{'id': 'TUxBQkFMTTMwNTBa', 'name': 'Almagro'}",,,,,,,"{'city': {'id': 'TUxBQkFMTTMwNTBa', 'name': 'Almagro'}, 'state': {'id': 'AR-C', 'name': 'Capital Federal'}, 'country': {'id': 'AR', 'name': 'Argentina'}, 'search_location': {'neighborhood': {'id': 'TUxBQkFMTTMwNTBa', 'name': 'Almagro'}, 'city': {'id': 'TUxBQ0NBUGZlZG1sYQ', 'name': 'Capital Federal'}, 'state': {'id': 'TUxBUENBUGw3M2E1', 'name': 'Capital Federal'}}, 'id': 1199959692}",,
Xiaomi Redmi,Xiaomi Redmi Note 11 6gb 128gb Gris,299000,new,,"{'id': 'TUxBQ0JFUjYyYWU3', 'name': 'Berazategui'}",,,,,,,"{'city': {'id': 'TUxBQ0JFUjYyYWU3', 'name': 'Berazategui'}, 'state': {'id': 'AR-B', 'name': 'Buenos Aires'}, 'country': {'id': 'AR', 'name': 'Argentina'}, 'search_location': {'city': {'id': 'TUxBQ0JFUjYyYWU3', 'name': 'Berazategui'}, 'state': {'id': 'TUxBUEdSQXJlMDNm', 'name': 'Bs.As. G.B.A. Sur'}}, 'id': 1148547999}",,
Xiaomi Redmi,Xiaomi Redmi Note 13 Pro Dual Sim 256 Gb  Negro 8 Gb Ram,441999,new,,"{'id': 'TUxBQ1NBTmMyZjY5', 'name': 'San Miguel de Tucumán'}",,,,,,,"{'city': {'id': 'TUxBQ1NBTmMyZjY5', 'name': 'San Miguel de Tucumán'}, 'state': {'id': 'AR-T', 'name': 'Tucumán'}, 'country': {'id': 'AR', 'name': 'Argentina'}, 'search_location': {'city': {'id': 'TUxBQ1NBTmMyZjY5', 'name': 'San Miguel de Tucumán'}, 'state': {'id': 'TUxBUFRVQ244NmM3', 'name': 'Tucumán'}}, 'id': 15188470}",,
Xiaomi Redmi,Xiaomi Redmi A2 Dual Sim 32 Gb  Black 2 Gb Ram,145837,new,,"{'id': 'TUxBQkNPTDI3NDNa', 'name': 'Colegiales'}",,,,,,,"{'city': {'id': 'TUxBQkNPTDI3NDNa', 'name': 'Colegiales'}, 'state': {'id': 'AR-C', 'name': 'Capital Federal'}, 'country': {'id': 'AR', 'name': 'Argentina'}, 'search_location': {'neighborhood': {'id': 'TUxBQkNPTDI3NDNa', 'name': 'Colegiales'}, 'city': {'id': 'TUxBQ0NBUGZlZG1sYQ', 'name': 'Capital Federal'}, 'state': {'id': 'TUxBUENBUGw3M2E1', 'name': 'Capital Federal'}}, 'id': 1307849632}",,
Xiaomi Redmi,Xiaomi Redmi Note 12 Pro Dual Sim 256 Gb  Gris 8 Gb Ram,531029,new,,"{'id': 'QVItQ1BhcnF1ZSBDaGFz', 'name': 'Parque Chas'}",,,,,,,"{'city': {'id': 'QVItQ1BhcnF1ZSBDaGFz', 'name': 'Parque Chas'}, 'state': {'id': 'AR-C', 'name': 'Capital Federal'}, 'country': {'id': 'AR', 'name': 'Argentina'}, 'search_location': {'neighborhood': {'id': 'TVhYUGFycXVlIENoYXNUVXhCUTBOQlVHWmxaR', 'name': 'Parque Chas'}, 'city': {'id': 'TUxBQ0NBUGZlZG1sYQ', 'name': 'Capital Federal'}, 'state': {'id': 'TUxBUENBUGw3M2E1', 'name': 'Capital Federal'}}, 'id': 1255635941}",,
Xiaomi Redmi,Xiaomi Redmi 10a Dual Sim 32 Gb  Gris Grafito 2 Gb Ram,208529,new,,"{'id': 'QVItQ1BhcnF1ZSBDaGFz', 'name': 'Parque Chas'}",,,,,,,"{'city': {'id': 'QVItQ1BhcnF1ZSBDaGFz', 'name': 'Parque Chas'}, 'state': {'id': 'AR-C', 'name': 'Capital Federal'}, 'country': {'id': 'AR', 'name': 'Argentina'}, 'search_location': {'neighborhood': {'id': 'TVhYUGFycXVlIENoYXNUVXhCUTBOQlVHWmxaR', 'name': 'Parque Chas'}, 'city': {'id': 'TUxBQ0NBUGZlZG1sYQ', 'name': 'Capital Federal'}, 'state': {'id': 'TUxBUENBUGw3M2E1', 'name': 'Capital Federal'}}, 'id': 1255635941}",,
Xiaomi Redmi,Xiaomi Redmi Note 12 4g Dual Sim 128 Gb  Gris Ónix 4 Gb Ram,325269,new,,"{'id': 'TUxBQ1FVSWI1MzY', 'name': 'Quilmes'}",,,,,,,"{'city': {'id': 'TUxBQ1FVSWI1MzY', 'name': 'Quilmes'}, 'state': {'id': 'AR-B', 'name': 'Buenos Aires'}, 'country': {'id': 'AR', 'name': 'Argentina'}, 'search_location': {'city': {'id': 'TUxBQ1FVSWI1MzY', 'name': 'Quilmes'}, 'state': {'id': 'TUxBUEdSQXJlMDNm', 'name': 'Bs.As. G.B.A. Sur'}}, 'id': 1266265716}",,
Xiaomi Redmi,Xiaomi Pocophone Poco X6 Pro 5g Dual Sim 512 Gb  Negro 12 Gb Ram,699999,new,,"{'id': 'TUxBQ1NBTmMyZjY5', 'name': 'San Miguel de Tucumán'}",,,,,,,"{'city': {'id': 'TUxBQ1NBTmMyZjY5', 'name': 'San Miguel de Tucumán'}, 'state': {'id': 'AR-T', 'name': 'Tucumán'}, 'country': {'id': 'AR', 'name': 'Argentina'}, 'search_location': {'city': {'id': 'TUxBQ1NBTmMyZjY5', 'name': 'San Miguel de Tucumán'}, 'state': {'id': 'TUxBUFRVQ244NmM3', 'name': 'Tucumán'}}, 'id': 15188470}",,
Xiaomi Redmi,Redmi 10 Carbon Gray 4gb Ram 128gb Rom,378079,new,,"{'id': 'QVItQ1BhcnF1ZSBDaGFz', 'name': 'Parque Chas'}",,,,,,,"{'city': {'id': 'QVItQ1BhcnF1ZSBDaGFz', 'name': 'Parque Chas'}, 'state': {'id': 'AR-C', 'name': 'Capital Federal'}, 'country': {'id': 'AR', 'name': 'Argentina'}, 'search_location': {'neighborhood': {'id': 'TVhYUGFycXVlIENoYXNUVXhCUTBOQlVHWmxaR', 'name': 'Parque Chas'}, 'city': {'id': 'TUxBQ0NBUGZlZG1sYQ', 'name': 'Capital Federal'}, 'state': {'id': 'TUxBUENBUGw3M2E1', 'name': 'Capital Federal'}}, 'id': 1255635941}",,
Xiaomi Redmi,Xiaomi Redmi Note 13 Pro 5g Dual Sim 512 Gb  Negro 12 Gb Ram,699000,new,,{'name': 'Boulogne Sur Mer'},,,,,,,"{'city': {'name': 'Boulogne Sur Mer'}, 'state': {'id': 'AR-B', 'name': 'Buenos Aires'}, 'country': {'id': 'AR', 'name': 'Argentina'}, 'search_location': {'neighborhood': {'id': 'TUxBQkJPVTg4MzJa', 'name': 'Boulogne Sur Mer'}, 'city': {'id': 'TUxBQ1NBTjg4ZmJk', 'name': 'San Isidro'}, 'state': {'id': 'TUxBUEdSQWU4ZDkz', 'name': 'Bs.As. G.B.A. Norte'}}, 'id': 1351525457}",,
Xiaomi Redmi,Xiaomi Redmi Note 13 4g Dual Sim 256 Gb  Azul 8 Gb Ram,339713,new,,"{'id': 'TUxBQ0NBUGVlMjc3', 'name': 'Salta'}",,,,,,,"{'city': {'id': 'TUxBQ0NBUGVlMjc3', 'name': 'Salta'}, 'state': {'id': 'AR-A', 'name': 'Salta'}, 'country': {'id': 'AR', 'name': 'Argentina'}, 'search_location': {'city': {'id': 'TUxBQ0NBUGVlMjc3', 'name': 'Salta'}, 'state': {'id': 'TUxBUFNBTGFjMTJi', 'name': 'Salta'}}, 'id': 270919207}",,
Xiaomi Redmi,Xiaomi Redmi Note 13 Pro 5g Dual Sim 256 Gb  Azul 8 Gb Ram,528999,new,,"{'id': 'TUxBQ0NBUGVlMjc3', 'name': 'Salta'}",,,,,,,"{'city': {'id': 'TUxBQ0NBUGVlMjc3', 'name': 'Salta'}, 'state': {'id': 'AR-A', 'name': 'Salta'}, 'country': {'id': 'AR', 'name': 'Argentina'}, 'search_location': {'city': {'id': 'TUxBQ0NBUGVlMjc3', 'name': 'Salta'}, 'state': {'id': 'TUxBUFNBTGFjMTJi', 'name': 'Salta'}}, 'id': 270919207}",,
Xiaomi Redmi,Xiaomi Redmi Note 13 4g Dual Sim 128 Gb  Azul 6 Gb Ram,331937,new,,{'name': 'María Juana'},,,,,,,"{'city': {'name': 'María Juana'}, 'state': {'id': 'AR-S', 'name': 'Santa Fe'}, 'country': {'id': 'AR', 'name': 'Argentina'}, 'search_location': {'neighborhood': {'id': 'TUxBQk1BUjk0MjBa', 'name': 'María Juana'}, 'city': {'id': 'TUxBQ0NBUzc2MzIz', 'name': 'Castellanos'}, 'state': {'id': 'TUxBUFNBTmU5Nzk2', 'name': 'Santa Fe'}}, 'id': 1285963200}",,
Xiaomi Redmi,Xiaomi Redmi Note 12s Dual Sim 256 Gb Onyx Black 8 Gb Ram,1805000,new,,"{'id': 'TUxBQlBBVDI0ODFa', 'name': 'Paternal'}",,,,,,,"{'city': {'id': 'TUxBQlBBVDI0ODFa', 'name': 'Paternal'}, 'state': {'id': 'AR-C', 'name': 'Capital Federal'}, 'country': {'id': 'AR', 'name': 'Argentina'}, 'search_location': {'neighborhood': {'id': 'TUxBQlBBVDI0ODFa', 'name': 'Paternal'}, 'city': {'id': 'TUxBQ0NBUGZlZG1sYQ', 'name': 'Capital Federal'}, 'state': {'id': 'TUxBUENBUGw3M2E1', 'name': 'Capital Federal'}}, 'id': 1083580085}",,
Xiaomi Redmi,Xiaomi Redmi 12 Dual Sim 128 Gb  Negro 4 Gb Ram,339000,new,,"{'id': 'TUxBQkNBQjM4MDda', 'name': 'Caballito'}",,,,,,,"{'city': {'id': 'TUxBQkNBQjM4MDda', 'name': 'Caballito'}, 'state': {'id': 'AR-C', 'name': 'Capital Federal'}, 'country': {'id': 'AR', 'name': 'Argentina'}, 'search_location': {'neighborhood': {'id': 'TUxBQkNBQjM4MDda', 'name': 'Caballito'}, 'city': {'id': 'TUxBQ0NBUGZlZG1sYQ', 'name': 'Capital Federal'}, 'state': {'id': 'TUxBUENBUGw3M2E1', 'name': 'Capital Federal'}}, 'id': 1035051566}",,
Xiaomi Redmi,Xiaomi Redmi Note 13 Pro+ 5g Dual Sim 512 Gb  Violeta 12 Gb Ram,799999,new,,"{'id': 'TUxBQ1NBTmMyZjY5', 'name': 'San Miguel de Tucumán'}",,,,,,,"{'city': {'id': 'TUxBQ1NBTmMyZjY5', 'name': 'San Miguel de Tucumán'}, 'state': {'id': 'AR-T', 'name': 'Tucumán'}, 'country': {'id': 'AR', 'name': 'Argentina'}, 'search_location': {'city': {'id': 'TUxBQ1NBTmMyZjY5', 'name': 'San Miguel de Tucumán'}, 'state': {'id': 'TUxBUFRVQ244NmM3', 'name': 'Tucumán'}}, 'id': 15188470}",,
Xiaomi Redmi,Xiaomi Redmi 13c Dual Sim 128 Gb  Midnight Black 6 Gb Ram,245000,new,,"{'id': 'TUxBQ0NBUDNhM2Jh', 'name': 'Posadas'}",,,,,,,"{'city': {'id': 'TUxBQ0NBUDNhM2Jh', 'name': 'Posadas'}, 'state': {'id': 'AR-N', 'name': 'Misiones'}, 'country': {'id': 'AR', 'name': 'Argentina'}, 'search_location': {'city': {'id': 'TUxBQ0NBUDNhM2Jh', 'name': 'Posadas'}, 'state': {'id': 'TUxBUE1JU3MzNjIx', 'name': 'Misiones'}}, 'id': 194196683}",,
Xiaomi Redmi,Redmi Note 10s 6g Ram 128g Rom Pebble White,244800,new,,"{'id': 'TUxBQ1JPUzg1Yjg3', 'name': 'Rosario'}",,,,,,,"{'city': {'id': 'TUxBQ1JPUzg1Yjg3', 'name': 'Rosario'}, 'state': {'id': 'AR-S', 'name': 'Santa Fe'}, 'country': {'id': 'AR', 'name': 'Argentina'}, 'search_location': {'neighborhood': {'id': 'TUxBQlJPUzI5MDha', 'name': 'Centro'}, 'city': {'id': 'TUxBQ1JPUzg1Yjg3', 'name': 'Rosario'}, 'state': {'id': 'TUxBUFNBTmU5Nzk2', 'name': 'Santa Fe'}}, 'id': 1141261416}",,
Xiaomi Redmi,Xiaomi Redmi Note 12 Pro 4g Dual Sim 256 Gb  Azul 8 Gb Ram,432999,new,,{'name': 'recoleta'},,,,,,,"{'city': {'name': 'recoleta'}, 'state': {'id': 'AR-C', 'name': 'Capital Federal'}, 'country': {'id': 'AR', 'name': 'Argentina'}, 'search_location': {'neighborhood': {'id': 'TUxBQlJFQzkyMTVa', 'name': 'Recoleta'}, 'city': {'id': 'TUxBQ0NBUGZlZG1sYQ', 'name': 'Capital Federal'}, 'state': {'id': 'TUxBUENBUGw3M2E1', 'name': 'Capital Federal'}}, 'id': 1356254094}",,
Xiaomi Redmi,Xiaomi Redmi Note 11 Pro+ 5g (mediatek) Dual Sim 128 Gb  Negro 6 Gb Ram,510300,new,,"{'id': 'TUxBQ0NBUGNiZGQx', 'name': 'Córdoba'}",,,,,,,"{'city': {'id': 'TUxBQ0NBUGNiZGQx', 'name': 'Córdoba'}, 'state': {'id': 'AR-X', 'name': 'Córdoba'}, 'country': {'id': 'AR', 'name': 'Argentina'}, 'search_location': {'city': {'id': 'TUxBQ0NBUGNiZGQx', 'name': 'Córdoba'}, 'state': {'id': 'TUxBUENPUmFkZGIw', 'name': 'Córdoba'}}, 'id': 1320400991}",,
Xiaomi Redmi,Xiaomi Redmi Note 12 Pro 5g Dual Sim 256 Gb  Negro 8 Gb Ram,750000,new,,{'name': 'CABA'},,,,,,,"{'city': {'name': 'CABA'}, 'state': {'id': 'AR-C', 'name': 'Capital Federal'}, 'country': {'id': 'AR', 'name': 'Argentina'}, 'search_location': {'city': {'id': 'TUxBQ0NBUGZlZG1sYQ', 'name': 'Capital Federal'}, 'state': {'id': 'TUxBUENBUGw3M2E1', 'name': 'Capital Federal'}}, 'id': 1310796363}",,
Xiaomi Redmi,Xiaomi Redmi Note 10 5g 4gb/128gb Garantia Tienda Oficial Color Azul,385000,new,,{'name': 'Microcentro'},,,,,,,"{'city': {'name': 'Microcentro'}, 'state': {'id': 'AR-C', 'name': 'Capital Federal'}, 'country': {'id': 'AR', 'name': 'Argentina'}, 'search_location': {'neighborhood': {'id': 'TUxBQlJFVDgyMDVa', 'name': 'Retiro'}, 'city': {'id': 'TUxBQ0NBUGZlZG1sYQ', 'name': 'Capital Federal'}, 'state': {'id': 'TUxBUENBUGw3M2E1', 'name': 'Capital Federal'}}, 'id': 1156458932}",,
Xiaomi Redmi,Xiaomi Redmi Note 13 Pro+ 5g Dual Sim 256 Gb  Negro 8 Gb Ram,749999,new,,"{'id': 'TUxBQ1JPUzg1Yjg3', 'name': 'Rosario'}",,,,,,,"{'city': {'id': 'TUxBQ1JPUzg1Yjg3', 'name': 'Rosario'}, 'state': {'id': 'AR-S', 'name': 'Santa Fe'}, 'country': {'id': 'AR', 'name': 'Argentina'}, 'search_location': {'city': {'id': 'TUxBQ1JPUzg1Yjg3', 'name': 'Rosario'}, 'state': {'id': 'TUxBUFNBTmU5Nzk2', 'name': 'Santa Fe'}}, 'id': 1353335874}",,
Xiaomi Redmi,Xiaomi Redmi 10 2022 Dual Sim 128 Gb  Gris Carbón 4 Gb,378149,new,,"{'id': 'QVItQ1BhcnF1ZSBDaGFz', 'name': 'Parque Chas'}",,,,,,,"{'city': {'id': 'QVItQ1BhcnF1ZSBDaGFz', 'name': 'Parque Chas'}, 'state': {'id': 'AR-C', 'name': 'Capital Federal'}, 'country': {'id': 'AR', 'name': 'Argentina'}, 'search_location': {'neighborhood': {'id': 'TVhYUGFycXVlIENoYXNUVXhCUTBOQlVHWmxaR', 'name': 'Parque Chas'}, 'city': {'id': 'TUxBQ0NBUGZlZG1sYQ', 'name': 'Capital Federal'}, 'state': {'id': 'TUxBUENBUGw3M2E1', 'name': 'Capital Federal'}}, 'id': 1013769554}",,
Xiaomi Redmi,Celular Xiaomi Redmi A2 Ligth Blue 2gb 64gb Us Color Azul,186796,new,,"{'id': 'TUxBQ1FVSWI1MzY', 'name': 'Quilmes'}",,,,,,,"{'city': {'id': 'TUxBQ1FVSWI1MzY', 'name': 'Quilmes'}, 'state': {'id': 'AR-B', 'name': 'Buenos Aires'}, 'country': {'id': 'AR', 'name': 'Argentina'}, 'search_location': {'city': {'id': 'TUxBQ1FVSWI1MzY', 'name': 'Quilmes'}, 'state': {'id': 'TUxBUEdSQXJlMDNm', 'name': 'Bs.As. G.B.A. Sur'}}, 'id': 1266265716}",,
Xiaomi Redmi,Xiaomi Redmi Note Redmi Note 13 Pro+ Dual Sim 512 Gb  Negro 12 Gb Ram,999999,new,,"{'id': 'TUxBQ1NBTmMyZjY5', 'name': 'San Miguel de Tucumán'}",,,,,,,"{'city': {'id': 'TUxBQ1NBTmMyZjY5', 'name': 'San Miguel de Tucumán'}, 'state': {'id': 'AR-T', 'name': 'Tucumán'}, 'country': {'id': 'AR', 'name': 'Argentina'}, 'search_location': {'city': {'id': 'TUxBQ1NBTmMyZjY5', 'name': 'San Miguel de Tucumán'}, 'state': {'id': 'TUxBUFRVQ244NmM3', 'name': 'Tucumán'}}, 'id': 15188470}",,
Xiaomi Redmi,Xiaomi Redmi Note 11s 5g Dual Sim 128 Gb  Midnight Black 6 Gb Ram,250000,new,,"{'id': 'TUxBQ01PTjk2MDBj', 'name': 'Montecarlo'}",,,,,,,"{'city': {'id': 'TUxBQ01PTjk2MDBj', 'name': 'Montecarlo'}, 'state': {'id': 'AR-N', 'name': 'Misiones'}, 'country': {'id': 'AR', 'name': 'Argentina'}, 'search_location': {'city': {'id': 'TUxBQ01PTjk2MDBj', 'name': 'Montecarlo'}, 'state': {'id': 'TUxBUE1JU3MzNjIx', 'name': 'Misiones'}}, 'id': 1318779967}",,
Xiaomi Redmi,Xiaomi Redmi Note 12 Pro 4g 128gb 6ram 108mpx,619729,new,,"{'id': 'QVItQ1BhcnF1ZSBDaGFz', 'name': 'Parque Chas'}",,,,,,,"{'city': {'id': 'QVItQ1BhcnF1ZSBDaGFz', 'name': 'Parque Chas'}, 'state': {'id': 'AR-C', 'name': 'Capital Federal'}, 'country': {'id': 'AR', 'name': 'Argentina'}, 'search_location': {'neighborhood': {'id': 'TVhYUGFycXVlIENoYXNUVXhCUTBOQlVHWmxaR', 'name': 'Parque Chas'}, 'city': {'id': 'TUxBQ0NBUGZlZG1sYQ', 'name': 'Capital Federal'}, 'state': {'id': 'TUxBUENBUGw3M2E1', 'name': 'Capital Federal'}}, 'id': 1013769554}",,
Xiaomi Redmi,Celular Xiaomi Redmi Note 12 Pro 4g 128gb 6 Gb Ram 108mpx,516729,new,,"{'id': 'QVItQ1BhcnF1ZSBDaGFz', 'name': 'Parque Chas'}",,,,,,,"{'city': {'id': 'QVItQ1BhcnF1ZSBDaGFz', 'name': 'Parque Chas'}, 'state': {'id': 'AR-C', 'name': 'Capital Federal'}, 'country': {'id': 'AR', 'name': 'Argentina'}, 'search_location': {'neighborhood': {'id': 'TVhYUGFycXVlIENoYXNUVXhCUTBOQlVHWmxaR', 'name': 'Parque Chas'}, 'city': {'id': 'TUxBQ0NBUGZlZG1sYQ', 'name': 'Capital Federal'}, 'state': {'id': 'TUxBUENBUGw3M2E1', 'name': 'Capital Federal'}}, 'id': 1255635941}",,
Xiaomi Redmi,Xiaomi Redmi Note 9 Dual Sim 64 Gb  Forest Green 3 Gb Ram,372600,new,,"{'id': 'TUxBQk1PTjUxOTJa', 'name': 'Monserrat'}",,,,,,,"{'city': {'id': 'TUxBQk1PTjUxOTJa', 'name': 'Monserrat'}, 'state': {'id': 'AR-C', 'name': 'Capital Federal'}, 'country': {'id': 'AR', 'name': 'Argentina'}, 'search_location': {'neighborhood': {'id': 'TUxBQk1PTjUxOTJa', 'name': 'Monserrat'}, 'city': {'id': 'TUxBQ0NBUGZlZG1sYQ', 'name': 'Capital Federal'}, 'state': {'id': 'TUxBUENBUGw3M2E1', 'name': 'Capital Federal'}}, 'id': 1237583234}",,
Xiaomi Redmi,Xiaomi Redmi Note 12 Pro 5g Dual Sim 128 Gb  Azul 6 Gb Ram,593600,new,,"{'id': 'TUxBQ1JPUzg1Yjg3', 'name': 'Rosario'}",,,,,,,"{'city': {'id': 'TUxBQ1JPUzg1Yjg3', 'name': 'Rosario'}, 'state': {'id': 'AR-S', 'name': 'Santa Fe'}, 'country': {'id': 'AR', 'name': 'Argentina'}, 'search_location': {'city': {'id': 'TUxBQ1JPUzg1Yjg3', 'name': 'Rosario'}, 'state': {'id': 'TUxBUFNBTmU5Nzk2', 'name': 'Santa Fe'}}, 'id': 330219923}",,
Xiaomi Redmi,Xiaomi Redmi Note 11 (snapdragon) Dual Sim 64 Gb  Azul Estelar 4 Gb Ram,339999,new,,"{'id': 'TUxBQlZJTDQyMjFa', 'name': 'Villa Ortúzar'}",,,,,,,"{'city': {'id': 'TUxBQlZJTDQyMjFa', 'name': 'Villa Ortúzar'}, 'state': {'id': 'AR-C', 'name': 'Capital Federal'}, 'country': {'id': 'AR', 'name': 'Argentina'}, 'search_location': {'neighborhood': {'id': 'TUxBQlZJTDQyMjFa', 'name': 'Villa Ortúzar'}, 'city': {'id': 'TUxBQ0NBUGZlZG1sYQ', 'name': 'Capital Federal'}, 'state': {'id': 'TUxBUENBUGw3M2E1', 'name': 'Capital Federal'}}, 'id': 1275145973}",,
Xiaomi Redmi,Redmi Note 12 Pro +5g Ram 8gb Rom 256gb,730000,new,,"{'id': 'TUxBQ1FVSWI1MzY', 'name': 'Quilmes'}",,,,,,,"{'city': {'id': 'TUxBQ1FVSWI1MzY', 'name': 'Quilmes'}, 'state': {'id': 'AR-B', 'name': 'Buenos Aires'}, 'country': {'id': 'AR', 'name': 'Argentina'}, 'search_location': {'city': {'id': 'TUxBQ1FVSWI1MzY', 'name': 'Quilmes'}, 'state': {'id': 'TUxBUEdSQXJlMDNm', 'name': 'Bs.As. G.B.A. Sur'}}, 'id': 1266265716}",,
Xiaomi Redmi,Xiaomi Redmi 9 (global) Dual Sim 64 Gb Carbon Grey 4 Gb Ram,243800,new,,"{'id': 'TUxBQk1PTjUxOTJa', 'name': 'Monserrat'}",,,,,,,"{'city': {'id': 'TUxBQk1PTjUxOTJa', 'name': 'Monserrat'}, 'state': {'id': 'AR-C', 'name': 'Capital Federal'}, 'country': {'id': 'AR', 'name': 'Argentina'}, 'search_location': {'neighborhood': {'id': 'TUxBQk1PTjUxOTJa', 'name': 'Monserrat'}, 'city': {'id': 'TUxBQ0NBUGZlZG1sYQ', 'name': 'Capital Federal'}, 'state': {'id': 'TUxBUENBUGw3M2E1', 'name': 'Capital Federal'}}, 'id': 1237583234}",,
Xiaomi Redmi,Xiaomi Redmi 12c Dual Sim 64 Gb  Graphite Gray 3 Gb Ram,190078.81,new,,{'name': 'Claypole'},,,,,,,"{'city': {'name': 'Claypole'}, 'state': {'id': 'AR-B', 'name': 'Buenos Aires'}, 'country': {'id': 'AR', 'name': 'Argentina'}, 'search_location': {'neighborhood': {'id': 'TUxBQlJBRjc0NzZa', 'name': 'Rafael Calzada'}, 'city': {'id': 'TUxBQ0FMTWlyYW50', 'name': 'Almirante Brown'}, 'state': {'id': 'TUxBUEdSQXJlMDNm', 'name': 'Bs.As. G.B.A. Sur'}}, 'id': 1059253584}",,
Xiaomi Redmi,Xiaomi Redmi Note 12 4g Dual Sim 256 Gb  Dorado 8 Gb Ram,585000,new,,{'name': 'Villa Celina'},,,,,,,"{'city': {'name': 'Villa Celina'}, 'state': {'id': 'AR-B', 'name': 'Buenos Aires'}, 'country': {'id': 'AR', 'name': 'Argentina'}, 'search_location': {'neighborhood': {'id': 'TVhYVmlsbGEgQ2VsaW5hVFV4QlEweEJUV0YwW', 'name': 'Villa Celina'}, 'city': {'id': 'TUxBQ0xBTWF0YW56', 'name': 'La Matanza'}, 'state': {'id': 'TUxBUEdSQWVmNTVm', 'name': 'Bs.As. G.B.A. Oeste'}}, 'id': 1193245469}",,
Xiaomi Redmi,Xiaomi Redmi Note 13 5g Dual Sim 256 Gb  Blanco 8 Gb Ram,490000,new,,{'name': 'Boulogne Sur Mer'},,,,,,,"{'city': {'name': 'Boulogne Sur Mer'}, 'state': {'id': 'AR-B', 'name': 'Buenos Aires'}, 'country': {'id': 'AR', 'name': 'Argentina'}, 'search_location': {'neighborhood': {'id': 'TUxBQkJPVTg4MzJa', 'name': 'Boulogne Sur Mer'}, 'city': {'id': 'TUxBQ1NBTjg4ZmJk', 'name': 'San Isidro'}, 'state': {'id': 'TUxBUEdSQWU4ZDkz', 'name': 'Bs.As. G.B.A. Norte'}}, 'id': 1351525457}",,
Xiaomi Redmi,Xiaomi Redmi Note 13 Pro 8gb Ram Forest Green 256gb,599999,new,,{'name': 'San Martin'},,,,,,,"{'city': {'name': 'San Martin'}, 'state': {'id': 'AR-B', 'name': 'Buenos Aires'}, 'country': {'id': 'AR', 'name': 'Argentina'}, 'search_location': {'neighborhood': {'id': 'TUxBQlZJTDg5NDBa', 'name': 'Villa Lynch'}, 'city': {'id': 'TUxBQ0dFTmVyYWxz', 'name': 'General San Martín'}, 'state': {'id': 'TUxBUEdSQWU4ZDkz', 'name': 'Bs.As. G.B.A. Norte'}}, 'id': 128760893}",,
Xiaomi Redmi,Xiaomi Redmi Note 11 Pro+ 5g (mediatek) Dual Sim 256 Gb  Negro 8 Gb Ram,653711,new,,{'name': 'Zavalla'},,,,,,,"{'city': {'name': 'Zavalla'}, 'state': {'id': 'AR-S', 'name': 'Santa Fe'}, 'country': {'id': 'AR', 'name': 'Argentina'}, 'search_location': {'neighborhood': {'id': 'TUxBQlpBVjc3NDla', 'name': 'Zavalla'}, 'city': {'id': 'TUxBQ1JPUzg1Yjg3', 'name': 'Rosario'}, 'state': {'id': 'TUxBUFNBTmU5Nzk2', 'name': 'Santa Fe'}}, 'id': 1198477860}",,
Xiaomi Redmi,Xiaomi Redmi Note 9 S 4gb/64gb Garantia Tienda Oficial Color Interstellar Gray,350000,new,,"{'id': 'TUxBQk1PTjUxOTJa', 'name': 'Monserrat'}",,,,,,,"{'city': {'id': 'TUxBQk1PTjUxOTJa', 'name': 'Monserrat'}, 'state': {'id': 'AR-C', 'name': 'Capital Federal'}, 'country': {'id': 'AR', 'name': 'Argentina'}, 'search_location': {'neighborhood': {'id': 'TUxBQk1PTjUxOTJa', 'name': 'Monserrat'}, 'city': {'id': 'TUxBQ0NBUGZlZG1sYQ', 'name': 'Capital Federal'}, 'state': {'id': 'TUxBUENBUGw3M2E1', 'name': 'Capital Federal'}}, 'id': 1195301511}",,
Xiaomi Redmi,Xiaomi Redmi Note 12 5g Dual Sim 256 Gb  Mystique Blue 8 Gb Ram,550000,new,,{'name': 'Capital Federal'},,,,,,,"{'city': {'name': 'Capital Federal'}, 'state': {'id': 'AR-C', 'name': 'Capital Federal'}, 'country': {'id': 'AR', 'name': 'Argentina'}, 'search_location': {'neighborhood': {'id': 'TUxBQkNBQjM4MDda', 'name': 'Caballito'}, 'city': {'id': 'TUxBQ0NBUGZlZG1sYQ', 'name': 'Capital Federal'}, 'state': {'id': 'TUxBUENBUGw3M2E1', 'name': 'Capital Federal'}}, 'id': 172184758}",,
Xiaomi Redmi,Celular Xiaomi Redmi Note 11 128gb Azul Reacondicionado,254990,new,,"{'id': 'TUxBQlBBVDI0ODFa', 'name': 'Paternal'}",,,,,,,"{'city': {'id': 'TUxBQlBBVDI0ODFa', 'name': 'Paternal'}, 'state': {'id': 'AR-C', 'name': 'Capital Federal'}, 'country': {'id': 'AR', 'name': 'Argentina'}, 'search_location': {'neighborhood': {'id': 'TUxBQlBBVDI0ODFa', 'name': 'Paternal'}, 'city': {'id': 'TUxBQ0NBUGZlZG1sYQ', 'name': 'Capital Federal'}, 'state': {'id': 'TUxBUENBUGw3M2E1', 'name': 'Capital Federal'}}, 'id': 1133569285}",,
Huawei P30,"Huawei P30 Lite 128gb 4ram, Liberado, Nuevo",300000,new,,{'name': 'Lugano'},,,,,,,"{'city': {'name': 'Lugano'}, 'state': {'id': 'AR-C', 'name': 'Capital Federal'}, 'country': {'id': 'AR', 'name': 'Argentina'}, 'search_location': {'city': {'id': 'TUxBQ0NBUGZlZG1sYQ', 'name': 'Capital Federal'}, 'state': {'id': 'TUxBUENBUGw3M2E1', 'name': 'Capital Federal'}}, 'id': 1313356022}",,
Huawei P30,"Huawei P30 Lite, Liberado De 256gb",400000,new,,{'name': 'Lugano'},,,,,,,"{'city': {'name': 'Lugano'}, 'state': {'id': 'AR-C', 'name': 'Capital Federal'}, 'country': {'id': 'AR', 'name': 'Argentina'}, 'search_location': {'city': {'id': 'TUxBQ0NBUGZlZG1sYQ', 'name': 'Capital Federal'}, 'state': {'id': 'TUxBUENBUGw3M2E1', 'name': 'Capital Federal'}}, 'id': 1313356022}",,
Huawei P30,Celular P30 Pro (detalle Pantalla) 8gb Ram / 256gb ,265000,used,,{'name': 'Barrio patron santiago'},,,,,,,"{'city': {'name': 'Barrio patron santiago'}, 'state': {'id': 'AR-M', 'name': 'Mendoza'}, 'country': {'id': 'AR', 'name': 'Argentina'}, 'search_location': {'state': {'id': 'TUxBUE1FTmE5OWQ4', 'name': 'Mendoza'}}, 'id': 1104291441}",,
Huawei P30,Huawei P30 Pro Dual Sim ,440000,used,,"{'id': 'TUxBQ0NISTcwYmFk', 'name': 'Chimbas'}",,,,,,,"{'city': {'id': 'TUxBQ0NISTcwYmFk', 'name': 'Chimbas'}, 'state': {'id': 'AR-J', 'name': 'San Juan'}, 'country': {'id': 'AR', 'name': 'Argentina'}, 'search_location': {'city': {'id': 'TUxBQ0NISTcwYmFk', 'name': 'Chimbas'}, 'state': {'id': 'TUxBUFNBTm5lYjU4', 'name': 'San Juan'}}, 'id': 1244938700}",,
Huawei P30,Celular Huawei P30 Lite,160000,used,,"{'id': 'TUxBQ1NBTjQ0ZWIy', 'name': 'San Fernando'}",,,,,,,"{'city': {'id': 'TUxBQ1NBTjQ0ZWIy', 'name': 'San Fernando'}, 'state': {'id': 'AR-B', 'name': 'Buenos Aires'}, 'country': {'id': 'AR', 'name': 'Argentina'}, 'search_location': {'city': {'id': 'TUxBQ1NBTjQ0ZWIy', 'name': 'San Fernando'}, 'state': {'id': 'TUxBUEdSQWU4ZDkz', 'name': 'Bs.As. G.B.A. Norte'}}, 'id': 1162120281}",,
Huawei P30,Huawei P30 Pro Dual Sim ,200000,used,,{'name': 'Berazategui'},,,,,,,"{'city': {'name': 'Berazategui'}, 'state': {'id': 'AR-B', 'name': 'Buenos Aires'}, 'country': {'id': 'AR', 'name': 'Argentina'}, 'search_location': {'neighborhood': {'id': 'TUxBQkJFUjUyOTNa', 'name': 'Berazategui'}, 'city': {'id': 'TUxBQ0JFUjYyYWU3', 'name': 'Berazategui'}, 'state': {'id': 'TUxBUEdSQXJlMDNm', 'name': 'Bs.As. G.B.A. Sur'}}, 'id': 147866772}",,
